"horodateur.x","quel.est.votre.age....exemple...21.","quel.est.votre.niveau.de.maitrise.de.la.realite.virtuelle..","a.quelle.frequence.jouez.vous.aux.jeux.videos..","quel.est.votre.genre..","sur.quel.site.allez.vous.participer.a.l.experimentation..","j.aime.interagir.avec.d.autres.personnes.dans.un.jeu.","je.prefere.souvent.jouer.tout.seul...r.","je.n.aime.pas.jouer.avec.d.autres.personnes.joueurs...r.","j.aime.jouer.en.ligne.avec.d.autres.joueurs.","j.aime.les.jeux.ou.je.peux.jouer.en.equipe.ou.au.sein.d.une.guilde.","j.aime.les.jeux.qui.me.donnent.l.impression.d.etre.dans.un.lieu.different.","j.aime.les.jeux.avec.des.mondes.ou.univers.detailles.a.explorer.","je.me.sens.souvent.en.admiration.devant.les.paysages.ou.d.autres.elements.visuels.du.jeu.","j.aime.personnaliser.l.apparence.de.mon.personnage.","j.aime.passer.du.temps.a.explorer.le.monde.du.jeu.","j.aime.les.histoires.complexes.dans.un.jeu.","j.aime.les.jeux.ou.je.peux.me.plonger.dans.l.histoire","j.ai.l.habitude.de.sauter.l.histoire.ou.les.cinematiques.lorsque.je.joue...r.","j.ai.l.impression.que.l.histoire.m.empeche.souvent.de.vraiment.jouer...r.","l.histoire.n.est.pas.importante.quand.je.joue...r.","j.apprecie.les.defis.tres.difficiles.dans.les.jeux.","je.joue.souvent.aux.modes.de.jeux.les.plus.difficiles.","j.aime.quand.les.jeux.me.mettent.au.defi.","j.aime.quand.la.progression.dans.un.jeu.requiert.des.competences.","j.aime.quand.les.objectifs.sont.difficiles.a.atteindre.dans.les.jeux.","d.habitude.je.me.fiche.de.finir.tous.les.objectifs.optionnels.d.un.jeu...r.","je.me.sens.stresse.e..si.je.ne.termine.pas.tous.les.objectifs.d.un.jeu.","j.aime.finir.toutes.les.taches.et.objectifs.d.un.jeu.","j.aime.finir.les.jeux.a.100..","j.aime.finir.les.quetes.","identifiant.participant","aesthetic","challenge","narrative","objectives","social","horodateur.y","c.etait.exigeant..mais.je.crois.que.mes.competences.m.ont.permis.de.relever.le.defi.","j.ai.fait.les.bonnes.actions.sans.essayer.d.y.penser.","je.savais.clairement.ce.que.je.voulais.faire.","pour.moi.c.etait.clair...je.savais.comment.les.actions.allaient.s.enchainer.","j.etais.entierement.concentre.e..sur.ce.que.je.faisais.","j.avais.l.impression.de.controler.ce.que.je.faisais.","je.n.etais.pas.preoccupe.e..par.ce.que.les.autres.auraient.pu.penser.de.moi.","ma.notion.du.temps.etait.differente..plus.rapide.ou.plus.lente.que.d.habitude..","j.ai.vraiment.aime.cette.experience.","mes.capacites.etaient.a.la.hauteur.du.defi.eleve.de.la.situation.","je.faisais.les.bonnes.actions.de.facon.automatique.","j.avais.une.vision.tres.claire.de.ce.que.je.voulais.faire.","j.etais.conscient.e..de.la.qualite.de.mes.actions.","j.arrivais.bien.a.rester.concentre.e..sur.ce.qui.se.passait.","je.sentais.que.je.pouvais.controler.ce.que.je.faisais.","je.n.etais.pas.preoccupe.e..par.le.jugement.des.autres.","le.temps.semblait.s.ecouler.de.facon.differente.que.d.habitude.","j.ai.aime.les.sensations.liees.a.la.maitrise.de.mes.competences.et.je.veux.encore.les.ressentir.","je.me.sentais.capable.de.faire.face.aux.exigences.elevees.de.la.situation.","j.agissais.de.maniere.fluide.sans.trop.y.penser.","je.voulais.atteindre.un.but.precis.","je.savais.ce.que.je.faisais.pendant.l.activite.","j.etais.completement.concentre.e..","j.avais.une.impression.de.controle.total.","je.n.etais.pas.preoccupe.e..par.mon.apparence.","j.avais.l.impression.que.le.temps.passait.rapidement.","cette.experience.m.a.donne.beaucoup.de.plaisir.","mes.competences.etaient.a.la.hauteur.de.ce.defi.eleve.","je.faisais.les.choses.spontanement.et.automatiquement..sans.avoir.a.reflechir.","mes.objectifs.etaient.clairement.definis.","j.etais.capable.d.evaluer.la.qualite.de.ma.performance.","j.etais.completement.concentre.e..sur.ce.que.je.faisais.","je.sentais.que.je.controlais.parfaitement.mes.actions.","je.n.etais.pas.preoccupe.e..par.ce.que.les.autres.pouvaient.penser.de.moi.","j.ai.perdu.ma.notion.habituelle.du.temps.","j.ai.trouve.cette.experience.extremement.valorisante.","dans.quelle.mesure.vous.etes.vous.senti.mentalement.immerge.dans.l.experience..","dans.quelle.mesure.vous.etes.vous.senti.implique.dans.cette.experience..","dans.quelle.mesure.vos.sens.ont.ils.ete.sollicites..","dans.quelle.mesure.avez.vous.ressenti.une.sensation.de.realisme..","dans.quelle.mesure.cette.experience.a.t.elle.ete.relaxante.ou.excitante..","l.histoire.etait.elle.interessante..","est.ce.votre.premiere..deuxieme.ou.troisieme.experience..","qu.avez.vous.vu.lors.de.l.experience..","challenge_skill_balance","action_awareness","clear_goals","unambiguous_feedback","concentration","sense_of_control","loss_self_consciousness","time_transformation","autotelic_experience","engagement"
2021-05-21 18:12:02,20,"Débutant(e) : Je n'ai jamais (ou très peu) utilisé la réalité virtuelle","Régulièrement","Homme","INSA Lyon",6,5,6,6,5,4,6,6,7,5,4,6,7,6,6,5,7,6,6,6,1,3,2,2,5,7,77,84,80,27,77,2021-05-27 14:28:43,4,3,3,5,6,6,2,3,6,6,5,3,4,6,3,3,7,4,5,6,3,4,6,2,7,3,6,6,5,2,1,6,3,2,6,6,6,5,3,5,6,6,"Première","Aesthetic",21,19,11,14,24,14,14,19,22,5.16666666666667
2021-05-21 18:12:02,20,"Débutant(e) : Je n'ai jamais (ou très peu) utilisé la réalité virtuelle","Régulièrement","Homme","INSA Lyon",6,5,6,6,5,4,6,6,7,5,4,6,7,6,6,5,7,6,6,6,1,3,2,2,5,7,77,84,80,27,77,2021-05-27 14:49:53,6,4,5,6,5,6,3,6,6,6,6,5,4,6,4,5,6,5,6,6,5,6,5,5,7,6,6,6,6,6,3,5,5,5,6,6,6,4,4,5,6,6,"Deuxième","Narrative",24,22,21,19,21,20,20,24,23,5.16666666666667
2021-05-21 18:12:02,20,"Débutant(e) : Je n'ai jamais (ou très peu) utilisé la réalité virtuelle","Régulièrement","Homme","INSA Lyon",6,5,6,6,5,4,6,6,7,5,4,6,7,6,6,5,7,6,6,6,1,3,2,2,5,7,77,84,80,27,77,2021-05-27 15:07:51,7,6,7,6,5,6,7,6,7,6,6,6,5,6,5,6,6,7,6,7,7,7,5,5,7,7,7,7,7,7,4,5,5,6,6,7,6,6,5,4,7,7,"Troisième","Goals",26,26,27,22,21,21,26,25,28,5.83333333333333
2021-05-24 10:46:53,23,"Initié(e) : J'ai déjà utilisé la réalité virtuelle plusieurs fois","Régulièrement","Autre","INSA Lyon",5,5,7,6,5,7,7,6,7,6,6,6,6,6,6,5,4,5,3,3,5,4,3,4,5,10,94,50,84,54,77,2021-05-27 12:39:25,3,5,3,5,6,5,7,5,6,5,3,4,3,6,7,6,6,5,4,5,5,3,5,4,7,3,5,4,5,3,3,6,5,7,5,5,5,4,4,3,4,5,"Première","Narrative",16,18,15,14,23,21,27,19,21,4.16666666666667
2021-05-24 10:46:53,23,"Initié(e) : J'ai déjà utilisé la réalité virtuelle plusieurs fois","Régulièrement","Autre","INSA Lyon",5,5,7,6,5,7,7,6,7,6,6,6,6,6,6,5,4,5,3,3,5,4,3,4,5,10,94,50,84,54,77,2021-05-27 12:56:03,5,5,6,4,5,6,7,4,6,5,5,4,3,6,6,7,2,5,6,5,6,6,6,5,6,2,6,6,6,6,4,5,4,7,4,5,6,5,5,4,4,4,"Deuxième","Goals",22,21,22,17,22,21,27,12,22,4.66666666666667
2021-05-24 10:46:53,23,"Initié(e) : J'ai déjà utilisé la réalité virtuelle plusieurs fois","Régulièrement","Autre","INSA Lyon",5,5,7,6,5,7,7,6,7,6,6,6,6,6,6,5,4,5,3,3,5,4,3,4,5,10,94,50,84,54,77,2021-05-27 13:12:40,6,7,7,5,7,5,5,6,7,6,5,6,6,7,6,7,4,5,6,6,6,7,6,5,7,3,6,6,5,6,6,6,6,6,5,6,6,6,6,5,6,5,"Troisième","Aesthetic",24,23,25,24,26,22,25,18,24,5.66666666666667
2021-05-26 14:26:32,21,"Débutant(e) : Je n'ai jamais (ou très peu) utilisé la réalité virtuelle","Occasionnellement","Homme","INSA Lyon",6,4,2,3,3,4,5,5,7,7,5,6,4,4,7,3,1,5,5,3,1,1,4,4,5,11,77,40,70,34,44,2021-05-27 16:36:24,5,4,3,3,5,4,7,7,6,4,3,4,5,3,4,7,7,6,5,5,6,4,6,3,7,5,5,3,5,3,5,5,3,7,6,6,5,5,3,3,4,4,"Première","Goals",17,17,16,17,19,14,28,25,23,4
2021-05-26 14:26:32,21,"Débutant(e) : Je n'ai jamais (ou très peu) utilisé la réalité virtuelle","Occasionnellement","Homme","INSA Lyon",6,4,2,3,3,4,5,5,7,7,5,6,4,4,7,3,1,5,5,3,1,1,4,4,5,11,77,40,70,34,44,2021-05-27 16:48:28,6,5,5,3,5,3,7,7,5,6,5,3,6,6,4,7,7,6,6,6,4,4,5,4,7,5,6,5,4,3,4,6,4,7,5,4,5,3,3,4,5,3,"Deuxième","Aesthetic",23,20,15,17,22,15,28,24,21,3.83333333333333
2021-05-26 14:26:32,21,"Débutant(e) : Je n'ai jamais (ou très peu) utilisé la réalité virtuelle","Occasionnellement","Homme","INSA Lyon",6,4,2,3,3,4,5,5,7,7,5,6,4,4,7,3,1,5,5,3,1,1,4,4,5,11,77,40,70,34,44,2021-05-27 17:06:25,6,6,6,6,6,5,5,5,6,6,5,5,6,6,5,5,6,6,5,6,5,5,6,6,5,5,5,5,5,6,5,5,6,6,5,4,5,5,4,4,5,5,"Troisième","Narrative",22,22,22,22,23,22,21,21,21,4.66666666666667
2021-05-27 10:24:06,24,"Expert(e) : Je suis développeur(se) et/ou chercheur(se) en réalité virtuelle","Régulièrement","Homme","ENISE (Saint-Etienne)",7,4,7,4,4,7,7,7,5,7,7,7,7,5,6,7,7,7,7,6,6,6,6,5,6,14,94,97,90,80,70,2021-05-28 10:51:07,6,7,7,7,5,6,7,7,5,7,7,6,7,7,7,6,7,7,7,7,5,7,6,5,6,7,7,7,7,6,6,7,7,6,7,6,6,6,5,5,5,6,"Première","Narrative",27,28,24,27,25,25,25,28,25,5.5
2021-05-27 10:24:06,24,"Expert(e) : Je suis développeur(se) et/ou chercheur(se) en réalité virtuelle","Régulièrement","Homme","ENISE (Saint-Etienne)",7,4,7,4,4,7,7,7,5,7,7,7,7,5,6,7,7,7,7,6,6,6,6,5,6,14,94,97,90,80,70,2021-05-28 11:10:57,6,5,7,6,7,6,6,5,5,7,7,6,7,7,5,6,5,5,7,7,7,5,7,7,6,5,6,7,7,5,6,7,5,6,5,6,6,5,5,5,5,5,"Deuxième","Goals",27,26,25,24,28,23,24,20,22,5.16666666666667
2021-05-27 10:24:06,24,"Expert(e) : Je suis développeur(se) et/ou chercheur(se) en réalité virtuelle","Régulièrement","Homme","ENISE (Saint-Etienne)",7,4,7,4,4,7,7,7,5,7,7,7,7,5,6,7,7,7,7,6,6,6,6,5,6,14,94,97,90,80,70,2021-05-28 11:36:55,7,7,7,7,7,6,6,7,7,7,7,7,7,6,7,6,7,7,7,6,7,7,7,6,6,7,7,7,7,7,7,7,7,6,5,6,6,6,4,5,3,4,"Troisième","Aesthetic",28,27,28,28,27,26,24,26,27,4.66666666666667
2021-05-27 11:58:28,20,"Débutant(e) : Je n'ai jamais (ou très peu) utilisé la réalité virtuelle","Régulièrement","Homme","INSA Lyon",7,6,7,7,7,7,7,7,7,7,7,7,6,7,6,5,5,7,7,7,6,2,7,6,6,15,100,87,94,74,97,2021-05-31 16:36:32,1,2,2,2,5,2,4,4,7,4,4,2,2,6,6,4,4,4,4,5,2,2,5,2,7,4,6,4,2,1,2,5,4,4,4,3,6,6,6,6,5,4,"Première","Aesthetic",13,13,7,8,21,14,19,16,20,5.5
2021-05-27 11:58:28,20,"Débutant(e) : Je n'ai jamais (ou très peu) utilisé la réalité virtuelle","Régulièrement","Homme","INSA Lyon",7,6,7,7,7,7,7,7,7,7,7,7,6,7,6,5,5,7,7,7,6,2,7,6,6,15,100,87,94,74,97,2021-05-31 16:51:30,4,3,7,6,6,6,4,4,7,7,5,6,6,6,6,4,4,5,7,7,7,7,7,6,7,4,7,7,2,7,7,6,6,4,4,4,6,6,6,5,6,6,"Deuxième","Goals",25,17,27,26,25,24,19,16,23,5.83333333333333
2021-05-27 11:58:28,20,"Débutant(e) : Je n'ai jamais (ou très peu) utilisé la réalité virtuelle","Régulièrement","Homme","INSA Lyon",7,6,7,7,7,7,7,7,7,7,7,7,6,7,6,5,5,7,7,7,6,2,7,6,6,15,100,87,94,74,97,2021-05-31 17:07:12,1,4,6,3,6,6,6,4,6,7,7,6,6,6,6,6,4,5,7,7,6,6,6,6,6,4,5,7,6,6,6,6,6,6,4,5,6,6,5,5,5,6,"Troisième","Narrative",22,24,24,21,24,24,24,16,21,5.5
2021-05-28 10:55:44,20,"Débutant(e) : Je n'ai jamais (ou très peu) utilisé la réalité virtuelle","Occasionnellement","Femme","INSA Lyon",6,5,6,5,7,6,7,6,4,7,6,7,4,6,6,5,5,6,7,6,3,2,5,2,4,16,84,80,80,37,80,2021-06-01 14:31:49,7,7,7,6,6,7,4,6,7,7,7,6,5,6,6,5,6,7,7,7,4,5,6,6,5,6,7,7,7,5,6,6,6,5,6,6,6,6,6,5,5,2,"Première","Narrative",28,28,22,22,24,25,19,24,27,5
2021-05-28 10:55:44,20,"Débutant(e) : Je n'ai jamais (ou très peu) utilisé la réalité virtuelle","Occasionnellement","Femme","INSA Lyon",6,5,6,5,7,6,7,6,4,7,6,7,4,6,6,5,5,6,7,6,3,2,5,2,4,16,84,80,80,37,80,2021-06-01 14:50:18,6,6,3,3,6,6,4,2,4,6,5,4,6,5,6,5,3,6,6,6,3,4,5,6,5,3,5,6,6,4,6,5,6,4,3,4,5,5,5,5,2,3,"Deuxième","Aesthetic",24,23,14,19,21,24,18,11,19,4.16666666666667
2021-05-28 10:55:44,20,"Débutant(e) : Je n'ai jamais (ou très peu) utilisé la réalité virtuelle","Occasionnellement","Femme","INSA Lyon",6,5,6,5,7,6,7,6,4,7,6,7,4,6,6,5,5,6,7,6,3,2,5,2,4,16,84,80,80,37,80,2021-06-01 15:05:43,5,5,7,7,6,6,6,5,7,6,6,7,5,6,6,5,6,6,5,5,7,7,7,6,5,6,7,6,6,7,6,6,6,5,6,7,7,6,6,6,6,5,"Troisième","Goals",22,22,28,25,25,24,21,23,27,6
2021-05-28 11:11:56,21,"Expert(e) : Je suis développeur(se) et/ou chercheur(se) en réalité virtuelle","Régulièrement","Homme","INSA Lyon",7,6,7,6,6,7,7,6,6,5,5,6,6,6,5,2,2,5,3,2,3,4,3,2,6,17,87,30,77,44,90,2021-06-02 16:32:22,1,6,6,6,7,5,7,6,5,7,6,4,5,7,6,7,3,6,7,7,3,5,7,5,7,6,5,7,7,2,4,7,5,7,7,6,7,6,7,3,6,3,"Première","Aesthetic",22,26,15,20,28,21,28,22,22,5.33333333333333
2021-05-28 11:11:56,21,"Expert(e) : Je suis développeur(se) et/ou chercheur(se) en réalité virtuelle","Régulièrement","Homme","INSA Lyon",7,6,7,6,6,7,7,6,6,5,5,6,6,6,5,2,2,5,3,2,3,4,3,2,6,17,87,30,77,44,90,2021-06-02 16:53:10,7,7,6,5,6,5,7,6,6,7,7,5,6,6,6,7,7,6,7,7,4,6,7,5,7,6,5,7,6,5,5,6,5,7,6,7,6,6,7,5,7,6,"Deuxième","Narrative",28,27,20,22,25,21,28,25,24,6.16666666666667
2021-05-28 11:11:56,21,"Expert(e) : Je suis développeur(se) et/ou chercheur(se) en réalité virtuelle","Régulièrement","Homme","INSA Lyon",7,6,7,6,6,7,7,6,6,5,5,6,6,6,5,2,2,5,3,2,3,4,3,2,6,17,87,30,77,44,90,2021-06-02 17:14:56,6,7,6,5,5,5,7,4,7,7,6,5,7,6,7,6,4,7,7,5,7,6,5,5,7,4,6,7,7,6,7,5,4,6,3,6,6,6,6,2,2,7,"Troisième","Goals",27,25,24,25,21,21,26,15,26,4.83333333333333
2021-05-28 11:51:05,20,"Débutant(e) : Je n'ai jamais (ou très peu) utilisé la réalité virtuelle","Tous les jours","Homme","INSA Lyon",6,5,7,7,4,7,7,6,6,7,5,7,6,7,7,6,3,7,7,6,1,2,5,5,7,18,94,80,90,50,80,2021-06-02 14:39:21,6,7,7,2,7,6,3,1,6,6,4,3,4,5,6,3,4,7,6,5,7,6,7,5,3,1,5,6,5,3,1,6,5,3,1,4,6,6,5,4,5,2,"Première","Aesthetic",24,21,20,13,25,22,12,7,22,4.66666666666667
2021-05-28 11:51:05,20,"Débutant(e) : Je n'ai jamais (ou très peu) utilisé la réalité virtuelle","Tous les jours","Homme","INSA Lyon",6,5,7,7,4,7,7,6,6,7,5,7,6,7,7,6,3,7,7,6,1,2,5,5,7,18,94,80,90,50,80,2021-06-02 14:58:01,7,7,7,1,6,5,7,1,6,4,7,5,4,6,5,7,1,7,4,7,2,6,6,5,7,1,5,6,7,3,2,7,5,1,1,4,6,6,5,3,5,6,"Deuxième","Narrative",21,28,17,13,25,20,22,4,22,5.16666666666667
2021-05-28 11:51:05,20,"Débutant(e) : Je n'ai jamais (ou très peu) utilisé la réalité virtuelle","Tous les jours","Homme","INSA Lyon",6,5,7,7,4,7,7,6,6,7,5,7,6,7,7,6,3,7,7,6,1,2,5,5,7,18,94,80,90,50,80,2021-06-02 15:26:04,7,7,7,6,7,6,2,1,6,7,6,7,6,7,5,4,1,7,6,7,7,7,6,4,1,1,7,6,7,7,7,6,5,1,1,6,6,6,4,4,7,2,"Troisième","Goals",26,27,28,26,26,20,8,4,26,4.83333333333333
2021-05-28 12:09:30,22,"Débutant(e) : Je n'ai jamais (ou très peu) utilisé la réalité virtuelle","Tous les jours","Homme","INSA Lyon",5,3,5,4,3,6,6,6,5,5,6,6,6,7,6,5,3,5,6,5,6,5,6,6,5,19,77,64,87,77,50,2021-06-04 10:55:24,6,6,6,4,2,7,6,6,7,6,6,6,7,7,7,5,6,7,7,7,7,7,6,7,7,6,7,7,7,6,7,7,7,6,6,7,6,7,6,6,2,6,"Première","Goals",26,26,25,25,22,28,24,24,28,5.5
2021-05-28 12:09:30,22,"Débutant(e) : Je n'ai jamais (ou très peu) utilisé la réalité virtuelle","Tous les jours","Homme","INSA Lyon",5,3,5,4,3,6,6,6,5,5,6,6,6,7,6,5,3,5,6,5,6,5,6,6,5,19,77,64,87,77,50,2021-06-04 11:19:56,6,7,7,3,6,7,6,3,6,7,7,7,7,7,7,6,4,6,7,7,2,7,7,7,6,2,6,7,7,3,4,7,7,6,3,6,7,6,6,6,1,6,"Deuxième","Aesthetic",27,28,19,21,27,28,24,12,24,5.33333333333333
2021-05-28 12:09:30,22,"Débutant(e) : Je n'ai jamais (ou très peu) utilisé la réalité virtuelle","Tous les jours","Homme","INSA Lyon",5,3,5,4,3,6,6,6,5,5,6,6,6,7,6,5,3,5,6,5,6,5,6,6,5,19,77,64,87,77,50,2021-06-04 11:42:38,7,7,7,3,5,7,6,5,7,7,7,6,6,7,7,6,5,5,6,7,4,5,6,7,6,5,7,7,7,3,7,7,7,6,5,6,7,7,7,7,6,7,"Troisième","Narrative",27,28,20,21,25,28,24,20,25,6.83333333333333
2021-05-28 12:21:09,22,"Initié(e) : J'ai déjà utilisé la réalité virtuelle plusieurs fois","Occasionnellement","Homme","INSA Lyon",6,4,7,5,6,6,7,7,7,7,7,7,7,6,6,5,7,6,6,4,3,3,6,5,5,20,97,77,94,57,77,2021-06-01 16:37:31,4,5,5,6,7,6,7,3,6,5,5,6,4,7,6,7,2,6,5,6,6,6,6,5,7,3,6,6,6,6,6,6,5,6,3,4,6,6,6,6,6,2,"Première","Goals",20,22,23,22,26,22,27,11,22,5.33333333333333
2021-05-28 12:21:09,22,"Initié(e) : J'ai déjà utilisé la réalité virtuelle plusieurs fois","Occasionnellement","Homme","INSA Lyon",6,4,7,5,6,6,7,7,7,7,7,7,7,6,6,5,7,6,6,4,3,3,6,5,5,20,97,77,94,57,77,2021-06-01 16:55:24,5,7,6,5,7,6,7,4,6,5,6,6,6,6,6,6,4,6,5,5,6,6,6,5,6,6,6,6,6,5,6,6,5,6,4,4,6,6,5,6,6,3,"Deuxième","Narrative",21,24,23,23,25,22,25,18,22,5.33333333333333
2021-05-28 12:21:09,22,"Initié(e) : J'ai déjà utilisé la réalité virtuelle plusieurs fois","Occasionnellement","Homme","INSA Lyon",6,4,7,5,6,6,7,7,7,7,7,7,7,6,6,5,7,6,6,4,3,3,6,5,5,20,97,77,94,57,77,2021-06-01 17:24:00,6,6,4,5,7,6,7,4,7,6,6,5,5,6,6,7,4,6,5,6,5,6,7,6,7,4,7,6,6,5,5,5,6,7,4,5,6,6,5,5,6,3,"Troisième","Aesthetic",23,24,19,21,25,24,28,16,25,5.16666666666667
2021-05-28 13:17:08,21,"Débutant(e) : Je n'ai jamais (ou très peu) utilisé la réalité virtuelle","Occasionnellement","Homme","ENISE (Saint-Etienne)",6,6,6,5,5,6,7,5,7,5,4,5,2,3,3,3,2,6,5,5,4,2,6,4,5,22,84,54,40,54,77,2021-05-31 17:54:27,5,2,7,6,6,7,7,3,7,4,3,6,7,6,7,7,3,7,5,5,6,5,7,7,7,5,7,3,6,7,6,7,7,7,3,7,7,7,6,6,7,7,"Première","Goals",17,16,26,24,26,28,28,14,28,6.66666666666667
2021-05-28 13:17:08,21,"Débutant(e) : Je n'ai jamais (ou très peu) utilisé la réalité virtuelle","Occasionnellement","Homme","ENISE (Saint-Etienne)",6,6,6,5,5,6,7,5,7,5,4,5,2,3,3,3,2,6,5,5,4,2,6,4,5,22,84,54,40,54,77,2021-05-31 18:07:25,7,7,7,7,7,7,7,5,7,7,7,7,7,7,7,7,5,7,7,7,7,7,7,7,7,7,7,7,7,7,7,7,7,7,5,7,7,7,7,6,7,7,"Deuxième","Narrative",28,28,28,28,28,28,28,22,28,6.83333333333333
2021-05-28 13:17:08,21,"Débutant(e) : Je n'ai jamais (ou très peu) utilisé la réalité virtuelle","Occasionnellement","Homme","ENISE (Saint-Etienne)",6,6,6,5,5,6,7,5,7,5,4,5,2,3,3,3,2,6,5,5,4,2,6,4,5,22,84,54,40,54,77,2021-05-31 18:21:21,7,7,7,7,7,7,7,6,7,7,7,7,7,7,7,7,7,7,7,7,7,7,7,7,7,5,7,7,7,7,7,7,7,7,5,7,6,7,7,6,7,5,"Troisième","Aesthetic",28,28,28,28,28,28,28,23,28,6.33333333333333
2021-05-28 14:05:09,21,"Débutant(e) : Je n'ai jamais (ou très peu) utilisé la réalité virtuelle","Jamais","Homme","ENISE (Saint-Etienne)",7,7,7,7,7,7,7,7,6,7,4,6,3,7,7,3,1,4,4,4,1,1,5,1,2,24,97,37,74,17,100,2021-06-10 18:19:12,7,6,4,1,6,5,2,1,7,7,7,4,5,7,7,7,4,7,7,7,4,5,7,7,7,1,7,7,7,1,4,7,7,7,1,7,6,7,5,6,1,4,"Première","Aesthetic",28,27,13,15,27,26,23,7,28,4.83333333333333
2021-05-28 14:05:09,21,"Débutant(e) : Je n'ai jamais (ou très peu) utilisé la réalité virtuelle","Jamais","Homme","ENISE (Saint-Etienne)",7,7,7,7,7,7,7,7,6,7,4,6,3,7,7,3,1,4,4,4,1,1,5,1,2,24,97,37,74,17,100,2021-06-10 18:40:59,7,7,7,7,7,7,7,7,7,7,7,7,7,7,7,7,7,7,7,7,7,7,7,7,7,7,7,7,7,7,7,7,7,7,7,7,7,7,4,6,3,7,"Deuxième","Goals",28,28,28,28,28,28,28,28,28,5.66666666666667
2021-05-28 14:05:09,21,"Débutant(e) : Je n'ai jamais (ou très peu) utilisé la réalité virtuelle","Jamais","Homme","ENISE (Saint-Etienne)",7,7,7,7,7,7,7,7,6,7,4,6,3,7,7,3,1,4,4,4,1,1,5,1,2,24,97,37,74,17,100,2021-06-10 18:55:36,7,7,7,4,7,7,7,7,7,7,7,7,7,7,7,7,7,7,7,7,7,7,7,7,7,7,7,7,7,6,7,7,7,7,4,7,7,7,5,7,7,7,"Troisième","Narrative",28,28,27,25,28,28,28,25,28,6.66666666666667
2021-05-28 15:32:47,20,"Débutant(e) : Je n'ai jamais (ou très peu) utilisé la réalité virtuelle","Occasionnellement","Homme","INSA Lyon",6,3,5,5,6,5,6,5,3,6,5,6,5,6,5,4,6,5,4,4,5,2,5,5,5,25,67,60,74,57,67,2021-06-07 12:18:58,2,4,6,6,5,3,1,4,7,7,4,6,5,6,5,7,5,7,2,7,7,7,4,2,1,3,7,5,5,6,5,5,3,7,5,5,5,7,5,4,4,6,"Première","Narrative",16,20,25,23,20,13,16,17,26,5.16666666666667
2021-05-28 15:32:47,20,"Débutant(e) : Je n'ai jamais (ou très peu) utilisé la réalité virtuelle","Occasionnellement","Homme","INSA Lyon",6,3,5,5,6,5,6,5,3,6,5,6,5,6,5,4,6,5,4,4,5,2,5,5,5,25,67,60,74,57,67,2021-06-07 12:43:43,5,4,6,6,5,6,2,5,7,7,4,4,4,5,6,7,6,6,6,7,1,7,4,5,6,2,7,7,7,2,3,3,6,7,6,7,6,7,5,4,2,6,"Deuxième","Aesthetic",25,22,13,20,17,23,22,19,27,5
2021-05-28 15:32:47,20,"Débutant(e) : Je n'ai jamais (ou très peu) utilisé la réalité virtuelle","Occasionnellement","Homme","INSA Lyon",6,3,5,5,6,5,6,5,3,6,5,6,5,6,5,4,6,5,4,4,5,2,5,5,5,25,67,60,74,57,67,2021-06-07 13:03:00,5,6,6,6,6,5,7,5,7,7,7,7,6,5,6,7,5,7,7,7,7,6,4,5,6,6,7,7,6,5,5,4,6,6,6,7,5,6,5,5,6,6,"Troisième","Goals",26,26,25,23,19,22,26,22,28,5.5
2021-05-28 19:18:29,19,"Débutant(e) : Je n'ai jamais (ou très peu) utilisé la réalité virtuelle","Régulièrement","Homme","INSA Lyon",6,7,7,7,7,6,6,7,5,6,4,6,6,5,7,5,3,6,6,5,7,1,6,5,7,26,84,67,77,70,97,2021-06-02 10:51:14,2,4,7,5,6,6,1,1,7,6,4,7,4,5,7,3,1,7,6,5,7,7,2,2,6,1,7,2,6,6,7,2,6,2,1,7,6,7,2,2,2,6,"Première","Narrative",16,19,27,23,15,21,12,4,28,4.16666666666667
2021-05-28 19:18:29,19,"Débutant(e) : Je n'ai jamais (ou très peu) utilisé la réalité virtuelle","Régulièrement","Homme","INSA Lyon",6,7,7,7,7,6,6,7,5,6,4,6,6,5,7,5,3,6,6,5,7,1,6,5,7,26,84,67,77,70,97,2021-06-02 11:14:10,1,4,2,1,6,7,4,1,7,1,4,6,6,6,6,2,1,6,1,7,1,7,2,2,2,1,7,1,7,6,1,6,6,2,1,6,6,5,4,1,5,1,"Deuxième","Aesthetic",4,22,15,15,20,21,10,4,26,3.66666666666667
2021-05-28 19:18:29,19,"Débutant(e) : Je n'ai jamais (ou très peu) utilisé la réalité virtuelle","Régulièrement","Homme","INSA Lyon",6,7,7,7,7,6,6,7,5,6,4,6,6,5,7,5,3,6,6,5,7,1,6,5,7,26,84,67,77,70,97,2021-06-02 11:39:31,7,1,2,2,7,7,2,1,7,7,2,6,3,6,7,2,1,7,7,4,2,7,7,6,7,1,7,6,1,7,2,7,7,2,1,6,7,7,2,1,6,5,"Troisième","Goals",27,8,17,14,27,27,13,4,27,4.66666666666667
2021-05-29 10:03:59,18,"Débutant(e) : Je n'ai jamais (ou très peu) utilisé la réalité virtuelle","Régulièrement","Homme","ENISE (Saint-Etienne)",6,5,6,5,2,6,7,7,5,7,6,7,7,6,7,5,3,5,5,5,3,2,5,4,6,28,90,60,94,50,64,2021-06-07 13:45:29,7,6,6,6,7,5,7,7,6,7,4,5,4,7,7,7,7,7,7,7,7,5,7,7,7,1,7,6,4,5,5,7,7,7,7,7,7,7,6,6,7,5,"Première","Aesthetic",27,21,23,20,28,26,28,22,27,6.33333333333333
2021-05-29 10:03:59,18,"Débutant(e) : Je n'ai jamais (ou très peu) utilisé la réalité virtuelle","Régulièrement","Homme","ENISE (Saint-Etienne)",6,5,6,5,2,6,7,7,5,7,6,7,7,6,7,5,3,5,5,5,3,2,5,4,6,28,90,60,94,50,64,2021-06-07 14:03:48,7,7,4,5,7,5,7,7,7,7,5,5,5,7,5,7,7,7,6,7,7,7,7,4,7,1,7,7,6,5,6,7,6,7,7,6,7,7,6,6,7,7,"Deuxième","Narrative",27,25,21,23,28,20,28,22,27,6.66666666666667
2021-05-29 10:03:59,18,"Débutant(e) : Je n'ai jamais (ou très peu) utilisé la réalité virtuelle","Régulièrement","Homme","ENISE (Saint-Etienne)",6,5,6,5,2,6,7,7,5,7,6,7,7,6,7,5,3,5,5,5,3,2,5,4,6,28,90,60,94,50,64,2021-06-07 14:21:49,7,7,7,6,7,7,7,7,7,7,5,5,5,7,6,7,7,7,6,6,7,7,7,5,7,1,7,5,6,7,6,7,5,7,7,7,7,7,7,6,7,6,"Troisième","Goals",25,24,26,24,28,23,28,22,28,6.66666666666667
2021-05-30 10:44:14,21,"Débutant(e) : Je n'ai jamais (ou très peu) utilisé la réalité virtuelle","Occasionnellement","Femme","ENISE (Saint-Etienne)",3,2,4,1,3,4,7,7,7,4,3,6,2,2,5,4,6,6,6,5,6,3,7,7,7,29,80,74,44,84,27,2021-06-09 11:36:02,4,3,5,5,7,7,4,6,6,4,5,5,3,7,3,3,7,6,4,2,5,2,7,2,4,7,5,4,3,3,4,7,3,4,7,5,6,7,7,5,6,4,"Première","Aesthetic",16,13,18,14,28,15,15,27,22,5.83333333333333
2021-05-30 10:44:14,21,"Débutant(e) : Je n'ai jamais (ou très peu) utilisé la réalité virtuelle","Occasionnellement","Femme","ENISE (Saint-Etienne)",3,2,4,1,3,4,7,7,7,4,3,6,2,2,5,4,6,6,6,5,6,3,7,7,7,29,80,74,44,84,27,2021-06-09 12:02:03,6,6,7,3,7,7,2,7,7,5,6,7,5,7,7,2,7,6,5,7,7,6,7,6,2,7,6,5,6,6,6,7,7,2,7,7,6,7,6,6,6,7,"Deuxième","Narrative",21,25,27,20,28,27,8,28,26,6.33333333333333
2021-05-30 10:44:14,21,"Débutant(e) : Je n'ai jamais (ou très peu) utilisé la réalité virtuelle","Occasionnellement","Femme","ENISE (Saint-Etienne)",3,2,4,1,3,4,7,7,7,4,3,6,2,2,5,4,6,6,6,5,6,3,7,7,7,29,80,74,44,84,27,2021-06-09 12:30:16,4,5,7,5,7,7,1,7,7,5,3,7,3,7,7,1,7,7,5,7,7,6,7,5,1,7,7,5,6,6,6,7,6,1,7,7,7,7,7,7,7,7,"Troisième","Goals",19,21,27,20,28,25,4,28,28,7
2021-05-30 12:07:59,23,"Débutant(e) : Je n'ai jamais (ou très peu) utilisé la réalité virtuelle","Jamais","Femme","ENISE (Saint-Etienne)",4,1,3,3,3,4,4,7,5,4,5,5,4,4,3,6,5,5,7,7,4,5,5,4,5,30,64,84,54,60,30,2021-06-11 13:47:28,3,4,2,1,3,2,4,6,7,4,4,2,3,3,3,2,7,7,6,3,7,3,4,2,3,5,6,4,4,1,2,3,3,2,5,7,6,6,5,6,6,6,"Première","Narrative",17,15,12,9,13,10,11,23,27,5.83333333333333
2021-05-30 12:07:59,23,"Débutant(e) : Je n'ai jamais (ou très peu) utilisé la réalité virtuelle","Jamais","Femme","ENISE (Saint-Etienne)",4,1,3,3,3,4,4,7,5,4,5,5,4,4,3,6,5,5,7,7,4,5,5,4,5,30,64,84,54,60,30,2021-06-11 14:07:54,3,1,1,1,3,2,1,5,5,5,1,1,3,2,1,1,5,5,4,2,7,1,2,1,2,6,4,4,1,1,6,2,2,1,5,5,5,6,6,5,6,6,"Deuxième","Aesthetic",16,5,10,11,9,6,5,21,19,5.66666666666667
2021-05-30 12:07:59,23,"Débutant(e) : Je n'ai jamais (ou très peu) utilisé la réalité virtuelle","Jamais","Femme","ENISE (Saint-Etienne)",4,1,3,3,3,4,4,7,5,4,5,5,4,4,3,6,5,5,7,7,4,5,5,4,5,30,64,84,54,60,30,2021-06-11 14:27:57,6,2,2,2,5,6,1,6,7,4,2,2,2,2,2,1,6,7,5,2,7,2,3,3,1,6,7,4,2,2,2,2,2,1,6,7,6,6,6,6,7,7,"Troisième","Goals",19,8,13,8,12,13,4,24,28,6.33333333333333
2021-05-31 10:08:17,22,"Initié(e) : J'ai déjà utilisé la réalité virtuelle plusieurs fois","Régulièrement","Homme","ENISE (Saint-Etienne)",7,7,7,7,7,7,7,7,5,4,5,6,5,6,6,4,5,6,7,4,5,3,6,6,6,32,84,70,77,70,100,2021-06-04 17:32:15,6,6,6,4,7,7,5,6,7,6,3,5,6,4,6,7,6,5,6,6,5,6,6,7,6,7,6,6,4,5,5,6,7,7,6,6,6,6,7,7,6,5,"Première","Goals",24,19,21,21,23,27,25,25,24,6.16666666666667
2021-05-31 10:08:17,22,"Initié(e) : J'ai déjà utilisé la réalité virtuelle plusieurs fois","Régulièrement","Homme","ENISE (Saint-Etienne)",7,7,7,7,7,7,7,7,5,4,5,6,5,6,6,4,5,6,7,4,5,3,6,6,6,32,84,70,77,70,100,2021-06-04 17:45:45,6,5,6,5,5,6,5,6,6,6,5,6,5,5,6,6,5,5,6,6,7,7,6,6,6,6,6,6,6,5,6,6,7,6,6,7,6,5,7,6,6,7,"Deuxième","Narrative",24,22,24,23,22,25,23,23,24,6.16666666666667
2021-05-31 10:08:17,22,"Initié(e) : J'ai déjà utilisé la réalité virtuelle plusieurs fois","Régulièrement","Homme","ENISE (Saint-Etienne)",7,7,7,7,7,7,7,7,5,4,5,6,5,6,6,4,5,6,7,4,5,3,6,6,6,32,84,70,77,70,100,2021-06-04 18:25:27,6,6,5,5,6,6,6,5,6,5,6,5,6,7,6,7,7,5,6,6,5,6,5,6,6,5,6,6,5,6,5,6,7,7,6,6,7,6,5,5,6,5,"Troisième","Aesthetic",23,23,21,22,24,25,26,23,23,5.66666666666667
2021-05-31 14:08:38,27,"Débutant(e) : Je n'ai jamais (ou très peu) utilisé la réalité virtuelle","Occasionnellement","Homme","ENISE (Saint-Etienne)",7,4,7,7,7,7,4,7,7,7,6,7,7,7,7,6,3,5,7,4,1,3,7,7,7,34,90,67,97,67,90,2021-05-31 16:35:08,7,5,6,1,7,7,7,7,7,7,7,7,7,7,7,7,7,7,7,7,7,7,7,7,7,7,7,7,7,7,7,7,7,7,7,7,7,7,7,7,7,7,"Première","Goals",28,26,27,22,28,28,28,28,28,7
2021-05-31 14:08:38,27,"Débutant(e) : Je n'ai jamais (ou très peu) utilisé la réalité virtuelle","Occasionnellement","Homme","ENISE (Saint-Etienne)",7,4,7,7,7,7,4,7,7,7,6,7,7,7,7,6,3,5,7,4,1,3,7,7,7,34,90,67,97,67,90,2021-05-31 16:58:16,7,7,7,7,7,7,7,7,7,7,7,7,7,7,7,6,5,7,7,7,7,7,7,7,7,7,7,7,7,6,1,7,7,6,7,7,7,7,3,7,6,4,"Deuxième","Aesthetic",28,28,27,22,28,28,26,26,28,5.66666666666667
2021-05-31 14:08:38,27,"Débutant(e) : Je n'ai jamais (ou très peu) utilisé la réalité virtuelle","Occasionnellement","Homme","ENISE (Saint-Etienne)",7,4,7,7,7,7,4,7,7,7,6,7,7,7,7,6,3,5,7,4,1,3,7,7,7,34,90,67,97,67,90,2021-05-31 17:13:16,7,7,4,5,7,6,5,7,7,6,6,7,7,7,6,7,7,4,6,7,6,7,7,4,7,7,5,5,5,6,7,7,7,7,7,7,7,6,7,7,6,7,"Troisième","Narrative",24,25,23,26,28,23,26,28,23,6.66666666666667
2021-05-31 14:13:58,20,"Débutant(e) : Je n'ai jamais (ou très peu) utilisé la réalité virtuelle","Jamais","Femme","INSA Lyon",4,3,5,2,4,4,4,6,4,5,2,6,2,5,6,2,2,5,5,4,1,2,5,4,4,35,60,44,54,37,44,2021-06-02 12:38:06,4,6,2,3,6,6,6,1,6,6,6,3,4,5,5,6,2,6,5,6,3,4,6,6,6,4,6,6,6,3,4,6,5,6,2,4,7,6,5,5,4,3,"Première","Aesthetic",21,24,11,15,23,22,24,9,22,5
2021-05-31 14:13:58,20,"Débutant(e) : Je n'ai jamais (ou très peu) utilisé la réalité virtuelle","Jamais","Femme","INSA Lyon",4,3,5,2,4,4,4,6,4,5,2,6,2,5,6,2,2,5,5,4,1,2,5,4,4,35,60,44,54,37,44,2021-06-02 13:04:40,6,6,6,4,6,6,7,2,6,6,6,5,6,6,6,7,2,6,6,6,5,5,6,5,7,4,6,5,5,5,4,6,5,7,4,4,6,6,7,6,5,4,"Deuxième","Goals",23,23,21,19,24,22,28,12,22,5.66666666666667
2021-05-31 14:13:58,20,"Débutant(e) : Je n'ai jamais (ou très peu) utilisé la réalité virtuelle","Jamais","Femme","INSA Lyon",4,3,5,2,4,4,4,6,4,5,2,6,2,5,6,2,2,5,5,4,1,2,5,4,4,35,60,44,54,37,44,2021-06-02 13:25:08,6,6,4,3,6,6,7,5,6,6,6,5,6,6,6,7,5,7,6,7,5,5,7,6,7,5,5,6,6,5,5,6,6,7,5,5,7,6,6,7,6,6,"Troisième","Narrative",24,25,19,19,25,24,28,20,23,6.33333333333333
2021-05-31 16:16:44,23,"Débutant(e) : Je n'ai jamais (ou très peu) utilisé la réalité virtuelle","Occasionnellement","Femme","INSA Lyon",5,3,5,4,5,7,7,6,6,7,6,7,6,6,7,3,1,4,2,2,3,2,5,2,7,37,94,24,90,47,57,2021-06-07 10:50:03,6,5,2,3,6,6,7,5,6,5,4,2,5,7,7,7,6,5,5,5,2,3,6,5,7,2,5,5,5,2,4,6,5,7,6,4,6,7,6,3,5,3,"Première","Aesthetic",21,19,8,15,25,23,28,19,20,5
2021-05-31 16:16:44,23,"Débutant(e) : Je n'ai jamais (ou très peu) utilisé la réalité virtuelle","Occasionnellement","Femme","INSA Lyon",5,3,5,4,5,7,7,6,6,7,6,7,6,6,7,3,1,4,2,2,3,2,5,2,7,37,94,24,90,47,57,2021-06-07 11:20:33,2,6,7,7,6,7,7,7,7,2,6,7,7,6,6,7,7,4,2,7,7,7,6,4,7,7,7,2,7,7,7,6,4,7,7,7,6,7,7,4,7,5,"Deuxième","Goals",8,26,28,28,24,21,28,28,25,6
2021-05-31 16:16:44,23,"Débutant(e) : Je n'ai jamais (ou très peu) utilisé la réalité virtuelle","Occasionnellement","Femme","INSA Lyon",5,3,5,4,5,7,7,6,6,7,6,7,6,6,7,3,1,4,2,2,3,2,5,2,7,37,94,24,90,47,57,2021-06-07 11:38:58,7,7,7,6,7,7,7,1,5,7,7,7,7,7,7,7,1,4,7,7,7,7,7,7,7,1,5,7,7,7,7,7,7,7,1,4,6,7,5,5,3,6,"Troisième","Narrative",28,28,28,27,28,28,28,4,18,5.33333333333333
2021-05-31 17:55:05,23,"Débutant(e) : Je n'ai jamais (ou très peu) utilisé la réalité virtuelle","Occasionnellement","Ne se prononce pas","INSA Lyon",6,3,7,5,5,7,6,3,5,7,7,7,7,7,6,4,5,6,6,4,6,5,4,7,7,38,77,67,97,80,70,2021-06-04 17:09:39,1,4,7,7,7,5,7,7,7,4,4,7,7,7,4,7,7,7,5,7,7,7,7,5,7,7,7,5,7,7,5,7,6,7,7,5,5,6,6,7,6,7,"Première","Goals",15,22,28,26,28,20,28,28,26,6.16666666666667
2021-05-31 17:55:05,23,"Débutant(e) : Je n'ai jamais (ou très peu) utilisé la réalité virtuelle","Occasionnellement","Ne se prononce pas","INSA Lyon",6,3,7,5,5,7,6,3,5,7,7,7,7,7,6,4,5,6,6,4,6,5,4,7,7,38,77,67,97,80,70,2021-06-04 17:26:37,7,7,7,7,7,6,7,4,7,7,7,7,7,7,7,7,5,7,5,7,7,7,7,7,7,4,5,7,7,7,7,7,7,7,4,4,7,7,7,5,7,7,"Deuxième","Narrative",26,28,28,28,28,27,28,17,23,6.66666666666667
2021-05-31 17:55:05,23,"Débutant(e) : Je n'ai jamais (ou très peu) utilisé la réalité virtuelle","Occasionnellement","Ne se prononce pas","INSA Lyon",6,3,7,5,5,7,6,3,5,7,7,7,7,7,6,4,5,6,6,4,6,5,4,7,7,38,77,67,97,80,70,2021-06-04 17:45:48,7,7,7,7,7,7,7,7,7,6,7,7,6,7,5,7,7,7,7,5,7,6,7,7,7,7,7,7,5,7,7,7,5,7,7,7,7,7,5,5,7,4,"Troisième","Aesthetic",27,24,28,26,28,24,28,28,28,5.83333333333333
2021-05-31 18:20:46,20,"Initié(e) : J'ai déjà utilisé la réalité virtuelle plusieurs fois","Régulièrement","Homme","ENISE (Saint-Etienne)",5,6,7,6,6,7,7,7,3,6,5,5,5,6,5,3,2,5,4,5,3,2,3,3,5,39,84,47,70,37,84,2021-06-11 16:22:43,2,5,7,5,7,7,7,7,6,6,5,6,6,7,7,5,7,5,5,4,5,7,6,7,6,7,5,5,5,5,6,6,7,7,5,4,4,5,5,6,4,5,"Première","Goals",18,19,23,24,26,28,25,26,20,4.83333333333333
2021-05-31 18:20:46,20,"Initié(e) : J'ai déjà utilisé la réalité virtuelle plusieurs fois","Régulièrement","Homme","ENISE (Saint-Etienne)",5,6,7,6,6,7,7,7,3,6,5,5,5,6,5,3,2,5,4,5,3,2,3,3,5,39,84,47,70,37,84,2021-06-11 16:46:29,5,4,4,1,4,4,2,3,3,4,3,3,6,5,5,6,4,4,4,5,5,4,3,6,6,1,3,4,5,2,3,3,3,6,4,3,4,2,3,4,2,2,"Deuxième","Aesthetic",17,17,14,14,15,18,20,12,13,2.83333333333333
2021-05-31 18:20:46,20,"Initié(e) : J'ai déjà utilisé la réalité virtuelle plusieurs fois","Régulièrement","Homme","ENISE (Saint-Etienne)",5,6,7,6,6,7,7,7,3,6,5,5,5,6,5,3,2,5,4,5,3,2,3,3,5,39,84,47,70,37,84,2021-06-11 17:11:50,7,6,7,3,7,6,2,5,6,5,6,6,7,7,7,7,6,6,6,7,6,6,6,7,7,7,5,7,6,5,6,6,6,7,5,5,6,6,6,6,5,6,"Troisième","Narrative",25,25,24,22,26,26,23,23,22,5.83333333333333
2021-05-31 19:29:51,19,"Initié(e) : J'ai déjà utilisé la réalité virtuelle plusieurs fois","Occasionnellement","Femme","ENISE (Saint-Etienne)",4,3,6,5,6,7,7,5,7,7,4,5,4,4,4,3,5,7,6,6,2,1,3,3,7,40,94,74,54,37,64,2021-06-08 11:42:03,6,6,7,1,7,5,7,5,7,4,4,7,6,6,7,7,7,7,6,6,5,7,7,5,7,2,7,6,7,4,7,7,5,7,6,7,7,4,4,5,7,2,"Première","Narrative",22,23,23,21,27,22,28,20,28,4.83333333333333
2021-05-31 19:29:51,19,"Initié(e) : J'ai déjà utilisé la réalité virtuelle plusieurs fois","Occasionnellement","Femme","ENISE (Saint-Etienne)",4,3,6,5,6,7,7,5,7,7,4,5,4,4,4,3,5,7,6,6,2,1,3,3,7,40,94,74,54,37,64,2021-06-08 12:01:59,7,7,4,4,5,6,6,2,5,5,6,4,7,7,5,6,2,7,6,7,5,7,7,4,7,2,6,6,7,5,7,7,6,7,3,6,4,6,6,6,6,3,"Deuxième","Goals",24,27,18,25,26,21,26,9,24,5.16666666666667
2021-05-31 19:29:51,19,"Initié(e) : J'ai déjà utilisé la réalité virtuelle plusieurs fois","Occasionnellement","Femme","ENISE (Saint-Etienne)",4,3,6,5,6,7,7,5,7,7,4,5,4,4,4,3,5,7,6,6,2,1,3,3,7,40,94,74,54,37,64,2021-06-08 12:25:57,7,6,7,4,7,7,7,2,7,7,7,7,7,6,7,7,3,7,7,7,7,6,7,5,6,3,7,7,7,6,6,6,7,7,5,7,6,7,5,6,7,7,"Troisième","Aesthetic",28,27,27,23,26,26,27,13,28,6.33333333333333
2021-05-31 20:38:21,19,"Confirmé(e) : J'utilise la réalité virtuelle de manière régulière","Tous les jours","Homme","ENISE (Saint-Etienne)",5,5,6,7,7,5,6,5,5,7,3,5,7,7,6,4,3,6,5,6,7,5,7,7,7,41,77,64,77,94,84,2021-06-02 18:10:13,2,7,6,5,7,7,7,6,7,6,6,7,6,7,7,7,7,7,6,7,2,6,7,3,7,2,7,7,7,5,6,7,6,7,7,7,6,5,5,4,6,6,"Première","Narrative",21,27,20,23,28,23,28,22,28,5.33333333333333
2021-05-31 20:38:21,19,"Confirmé(e) : J'utilise la réalité virtuelle de manière régulière","Tous les jours","Homme","ENISE (Saint-Etienne)",5,5,6,7,7,5,6,5,5,7,3,5,7,7,6,4,3,6,5,6,7,5,7,7,7,41,77,64,77,94,84,2021-06-02 18:14:56,7,6,7,6,7,5,7,7,6,7,6,7,3,5,6,7,6,6,7,7,7,7,7,6,7,3,6,7,6,7,5,7,7,7,6,6,7,7,5,4,5,1,"Deuxième","Goals",28,25,28,21,26,24,28,22,24,4.83333333333333
2021-05-31 20:38:21,19,"Confirmé(e) : J'utilise la réalité virtuelle de manière régulière","Tous les jours","Homme","ENISE (Saint-Etienne)",5,5,6,7,7,5,6,5,5,7,3,5,7,7,6,4,3,6,5,6,7,5,7,7,7,41,77,64,77,94,84,2021-06-02 18:45:34,6,6,1,1,7,5,7,7,7,7,6,2,2,6,6,7,7,7,7,6,1,5,6,3,7,3,7,7,7,2,2,7,7,7,7,6,7,6,7,6,4,3,"Troisième","Aesthetic",27,25,6,10,26,21,28,24,27,5.5
2021-06-01 11:13:01,20,"Initié(e) : J'ai déjà utilisé la réalité virtuelle plusieurs fois","Occasionnellement","Homme","INSA Lyon",4,4,5,4,2,6,6,7,2,5,5,4,6,4,5,5,3,5,5,4,5,3,5,6,6,43,70,57,64,67,47,2021-06-07 16:19:13,5,6,7,5,7,6,6,5,6,6,7,5,6,6,5,6,5,6,7,6,4,5,7,5,6,3,6,7,6,7,4,6,7,6,5,4,6,6,3,5,3,6,"Première","Narrative",25,25,23,20,26,23,24,18,22,4.83333333333333
2021-06-01 11:13:01,20,"Initié(e) : J'ai déjà utilisé la réalité virtuelle plusieurs fois","Occasionnellement","Homme","INSA Lyon",4,4,5,4,2,6,6,7,2,5,5,4,6,4,5,5,3,5,5,4,5,3,5,6,6,43,70,57,64,67,47,2021-06-07 16:48:28,6,6,4,3,7,6,6,5,5,5,7,4,6,7,7,7,5,7,6,7,5,7,7,5,7,4,5,5,6,4,4,7,6,7,5,4,6,4,4,6,5,4,"Deuxième","Aesthetic",22,26,17,20,28,24,27,19,21,4.83333333333333
2021-06-01 11:13:01,20,"Initié(e) : J'ai déjà utilisé la réalité virtuelle plusieurs fois","Occasionnellement","Homme","INSA Lyon",4,4,5,4,2,6,6,7,2,5,5,4,6,4,5,5,3,5,5,4,5,3,5,6,6,43,70,57,64,67,47,2021-06-07 17:12:56,6,7,7,5,7,6,7,4,7,6,6,5,5,5,5,7,4,7,6,6,7,6,7,5,7,4,6,6,6,7,5,7,5,7,3,5,6,6,4,6,5,4,"Troisième","Goals",24,25,26,21,26,21,28,15,25,5.16666666666667
2021-06-01 14:46:24,20,"Débutant(e) : Je n'ai jamais (ou très peu) utilisé la réalité virtuelle","Régulièrement","Femme","INSA Lyon",6,5,6,6,7,6,7,6,7,7,7,7,7,7,7,4,3,4,5,4,6,5,7,7,7,44,94,50,100,90,84,2021-06-08 14:35:24,6,6,3,3,6,4,6,5,6,6,5,4,4,5,4,6,4,5,6,6,5,4,6,4,6,3,5,6,5,4,4,6,5,6,5,4,5,5,5,4,5,4,"Première","Goals",24,22,16,15,23,17,24,17,20,4.66666666666667
2021-06-01 14:46:24,20,"Débutant(e) : Je n'ai jamais (ou très peu) utilisé la réalité virtuelle","Régulièrement","Femme","INSA Lyon",6,5,6,6,7,6,7,6,7,7,7,7,7,7,7,4,3,4,5,4,6,5,7,7,7,44,94,50,100,90,84,2021-06-08 15:08:38,4,3,1,1,6,5,6,6,4,4,2,1,3,6,5,6,6,4,4,4,1,2,7,4,6,4,4,4,3,2,4,6,4,6,5,4,6,6,5,5,5,4,"Deuxième","Aesthetic",16,12,5,10,25,18,24,21,16,5.16666666666667
2021-06-01 14:46:24,20,"Débutant(e) : Je n'ai jamais (ou très peu) utilisé la réalité virtuelle","Régulièrement","Femme","INSA Lyon",6,5,6,6,7,6,7,6,7,7,7,7,7,7,7,4,3,4,5,4,6,5,7,7,7,44,94,50,100,90,84,2021-06-08 15:30:40,7,6,6,5,7,5,6,6,5,7,5,6,4,6,5,6,6,4,7,5,6,6,7,4,6,6,5,6,6,7,5,6,5,6,6,3,7,7,5,6,6,6,"Troisième","Narrative",27,22,25,20,26,19,24,24,17,6.16666666666667
2021-06-04 14:14:30,21,"Débutant(e) : Je n'ai jamais (ou très peu) utilisé la réalité virtuelle","Régulièrement","Homme","INSA Lyon",5,5,6,7,6,7,6,7,7,4,6,6,5,5,7,6,2,5,6,4,7,4,4,1,5,46,87,60,80,54,80,2021-06-07 14:48:45,6,4,3,5,3,7,7,7,7,6,5,3,2,4,7,7,7,6,5,3,2,3,6,7,7,7,7,5,5,2,4,2,7,7,7,7,7,7,7,5,7,5,"Première","Aesthetic",22,17,10,14,15,28,28,28,27,6.33333333333333
2021-06-04 14:14:30,21,"Débutant(e) : Je n'ai jamais (ou très peu) utilisé la réalité virtuelle","Régulièrement","Homme","INSA Lyon",5,5,6,7,6,7,6,7,7,4,6,6,5,5,7,6,2,5,6,4,7,4,4,1,5,46,87,60,80,54,80,2021-06-07 15:14:16,6,7,5,6,7,7,6,7,7,6,3,6,5,6,7,7,7,7,3,4,7,7,7,7,7,6,7,5,4,7,7,7,7,7,7,7,7,7,6,6,7,6,"Deuxième","Goals",20,18,25,25,27,28,27,27,28,6.5
2021-06-04 14:14:30,21,"Débutant(e) : Je n'ai jamais (ou très peu) utilisé la réalité virtuelle","Régulièrement","Homme","INSA Lyon",5,5,6,7,6,7,6,7,7,4,6,6,5,5,7,6,2,5,6,4,7,4,4,1,5,46,87,60,80,54,80,2021-06-07 15:34:11,7,7,7,5,7,7,7,5,7,7,5,5,4,7,7,7,5,5,7,6,5,7,7,7,7,4,5,7,5,7,7,7,7,7,6,7,7,7,6,7,5,7,"Troisième","Narrative",28,23,24,23,28,28,28,20,24,6.5
2021-06-06 11:55:41,21,"Initié(e) : J'ai déjà utilisé la réalité virtuelle plusieurs fois","Tous les jours","Homme","INSA Lyon",1,1,2,1,2,5,6,5,7,5,7,7,6,7,5,4,5,5,4,4,5,4,6,5,7,47,77,57,90,74,7,2021-06-10 12:56:12,2,6,7,6,7,7,6,4,7,7,6,6,6,7,7,7,4,7,7,7,6,7,7,7,6,4,6,7,6,6,6,7,6,6,4,5,6,6,6,6,6,6,"Première","Narrative",23,25,25,25,28,27,25,16,25,6
2021-06-06 11:55:41,21,"Initié(e) : J'ai déjà utilisé la réalité virtuelle plusieurs fois","Tous les jours","Homme","INSA Lyon",1,1,2,1,2,5,6,5,7,5,7,7,6,7,5,4,5,5,4,4,5,4,6,5,7,47,77,57,90,74,7,2021-06-10 13:21:01,4,5,5,5,7,6,5,4,7,6,5,6,6,7,6,6,4,6,5,6,3,5,7,6,7,4,7,6,6,2,6,7,5,7,4,6,7,7,6,6,4,3,"Deuxième","Aesthetic",21,22,16,22,28,23,25,16,26,5.5
2021-06-06 11:55:41,21,"Initié(e) : J'ai déjà utilisé la réalité virtuelle plusieurs fois","Tous les jours","Homme","INSA Lyon",1,1,2,1,2,5,6,5,7,5,7,7,6,7,5,4,5,5,4,4,5,4,6,5,7,47,77,57,90,74,7,2021-06-10 13:42:01,6,5,7,6,7,6,5,5,6,6,4,7,4,4,5,6,5,7,6,3,7,6,6,6,6,2,6,7,5,5,6,6,6,5,4,5,6,6,6,5,7,1,"Troisième","Goals",25,17,26,22,23,23,22,16,24,5.16666666666667
2021-06-06 14:37:27,19,"Confirmé(e) : J'utilise la réalité virtuelle de manière régulière","Occasionnellement","Homme","INSA Lyon",6,5,7,6,2,7,7,7,4,5,6,7,5,3,7,5,3,5,5,5,2,1,2,2,6,49,84,60,77,27,70,2021-06-11 16:27:46,6,5,6,5,7,6,7,2,7,7,7,7,6,7,6,7,2,7,7,7,6,6,6,5,7,4,7,7,6,6,6,6,5,6,1,6,6,6,4,5,6,5,"Première","Goals",27,25,25,23,26,22,27,9,27,5.33333333333333
2021-06-06 14:37:27,19,"Confirmé(e) : J'utilise la réalité virtuelle de manière régulière","Occasionnellement","Homme","INSA Lyon",6,5,7,6,2,7,7,7,4,5,6,7,5,3,7,5,3,5,5,5,2,1,2,2,6,49,84,60,77,27,70,2021-06-11 16:47:53,7,7,7,5,7,7,7,1,6,6,6,7,7,6,6,6,1,6,7,7,7,6,7,6,7,1,6,6,6,6,6,6,5,7,1,6,6,6,5,5,6,6,"Deuxième","Narrative",26,26,27,24,26,24,27,4,24,5.66666666666667
2021-06-06 14:37:27,19,"Confirmé(e) : J'utilise la réalité virtuelle de manière régulière","Occasionnellement","Homme","INSA Lyon",6,5,7,6,2,7,7,7,4,5,6,7,5,3,7,5,3,5,5,5,2,1,2,2,6,49,84,60,77,27,70,2021-06-11 17:00:23,7,7,7,5,7,7,7,1,7,7,6,6,6,7,6,7,1,7,7,7,7,6,7,7,7,1,7,7,7,7,7,7,6,7,1,7,6,5,5,3,3,2,"Troisième","Aesthetic",28,27,27,24,28,26,28,4,28,4
2021-06-06 23:28:51,21,"Débutant(e) : Je n'ai jamais (ou très peu) utilisé la réalité virtuelle","Occasionnellement","Homme","INSA Lyon",4,6,6,5,2,4,5,3,2,4,5,5,7,6,6,1,5,3,3,3,5,4,4,3,4,51,44,34,80,50,60,2021-06-08 10:46:20,4,3,2,3,5,2,7,6,6,4,3,3,4,6,5,6,5,5,2,5,2,5,6,4,6,3,5,2,6,3,2,5,4,7,6,4,6,5,4,4,5,4,"Première","Narrative",12,17,10,14,22,15,26,20,20,4.66666666666667
2021-06-06 23:28:51,21,"Débutant(e) : Je n'ai jamais (ou très peu) utilisé la réalité virtuelle","Occasionnellement","Homme","INSA Lyon",4,6,6,5,2,4,5,3,2,4,5,5,7,6,6,1,5,3,3,3,5,4,4,3,4,51,44,34,80,50,60,2021-06-08 11:07:59,5,3,7,5,6,3,7,4,5,4,5,6,5,5,4,7,5,6,6,5,7,6,6,2,6,4,5,6,4,7,5,6,3,6,5,4,5,5,4,4,5,3,"Deuxième","Goals",21,17,27,21,23,12,26,18,20,4.33333333333333
2021-06-06 23:28:51,21,"Débutant(e) : Je n'ai jamais (ou très peu) utilisé la réalité virtuelle","Occasionnellement","Homme","INSA Lyon",4,6,6,5,2,4,5,3,2,4,5,5,7,6,6,1,5,3,3,3,5,4,4,3,4,51,44,34,80,50,60,2021-06-08 11:26:12,3,3,1,1,7,4,6,6,7,4,5,4,4,6,6,6,7,7,4,5,2,4,6,5,7,4,6,6,6,1,2,6,3,7,6,4,7,7,5,4,7,3,"Troisième","Aesthetic",17,19,8,11,25,18,26,23,24,5.5
2021-06-07 08:36:18,23,"Débutant(e) : Je n'ai jamais (ou très peu) utilisé la réalité virtuelle","Occasionnellement","Femme","INSA Lyon",6,6,6,6,3,5,6,6,6,5,4,3,4,5,3,2,4,4,4,3,4,2,6,5,4,52,77,40,47,54,74,2021-06-11 10:51:01,3,3,4,6,6,6,6,2,7,4,4,6,3,6,6,6,2,5,6,4,7,5,7,4,6,2,7,3,3,5,6,6,5,7,2,6,6,6,6,5,7,4,"Première","Narrative",16,14,22,20,25,21,25,8,25,5.66666666666667
2021-06-07 08:36:18,23,"Débutant(e) : Je n'ai jamais (ou très peu) utilisé la réalité virtuelle","Occasionnellement","Femme","INSA Lyon",6,6,6,6,3,5,6,6,6,5,4,3,4,5,3,2,4,4,4,3,4,2,6,5,4,52,77,40,47,54,74,2021-06-11 11:16:11,5,3,7,6,6,5,7,2,6,3,6,6,5,6,6,7,2,6,6,5,6,6,7,6,7,2,6,4,3,7,7,7,5,7,2,6,6,6,6,6,6,7,"Deuxième","Goals",18,17,26,24,26,22,28,8,24,6.16666666666667
2021-06-07 08:36:18,23,"Débutant(e) : Je n'ai jamais (ou très peu) utilisé la réalité virtuelle","Occasionnellement","Femme","INSA Lyon",6,6,6,6,3,5,6,6,6,5,4,3,4,5,3,2,4,4,4,3,4,2,6,5,4,52,77,40,47,54,74,2021-06-11 11:37:35,4,5,4,2,5,5,7,2,5,3,5,2,4,3,7,7,2,5,5,5,7,6,6,5,7,2,5,4,4,3,4,6,5,7,2,5,7,6,6,5,4,4,"Troisième","Aesthetic",16,19,16,16,20,22,28,8,20,5.33333333333333
2021-06-07 12:12:44,21,"Débutant(e) : Je n'ai jamais (ou très peu) utilisé la réalité virtuelle","Jamais","Homme","INSA Lyon",7,7,7,7,4,7,4,6,4,2,6,7,7,6,6,6,5,7,5,6,1,1,4,7,5,53,60,80,90,44,90,2021-06-09 14:34:53,7,4,2,4,3,1,7,7,7,7,7,4,4,7,2,7,7,7,7,3,7,7,7,3,7,2,7,7,3,6,6,7,3,7,7,7,7,7,7,5,7,6,"Première","Goals",28,17,19,21,24,9,28,23,28,6.5
2021-06-07 12:12:44,21,"Débutant(e) : Je n'ai jamais (ou très peu) utilisé la réalité virtuelle","Jamais","Homme","INSA Lyon",7,7,7,7,4,7,4,6,4,2,6,7,7,6,6,6,5,7,5,6,1,1,4,7,5,53,60,80,90,44,90,2021-06-09 15:09:38,7,6,1,1,7,6,7,7,7,7,1,1,4,7,4,7,7,7,7,4,1,1,7,3,7,7,7,7,3,1,5,7,3,7,7,7,7,7,7,1,7,1,"Deuxième","Aesthetic",28,14,4,11,28,16,28,28,28,5
2021-06-07 12:12:44,21,"Débutant(e) : Je n'ai jamais (ou très peu) utilisé la réalité virtuelle","Jamais","Homme","INSA Lyon",7,7,7,7,4,7,4,6,4,2,6,7,7,6,6,6,5,7,5,6,1,1,4,7,5,53,60,80,90,44,90,2021-06-09 15:29:19,6,4,6,4,7,6,7,7,7,6,6,7,5,7,6,7,7,7,6,6,5,6,7,6,7,7,7,6,6,5,6,7,6,7,7,7,7,7,7,4,7,7,"Troisième","Narrative",24,22,23,21,28,24,28,28,28,6.5
2021-06-09 08:47:37,22,"Débutant(e) : Je n'ai jamais (ou très peu) utilisé la réalité virtuelle","Jamais","Femme","ENISE (Saint-Etienne)",5,5,2,2,5,7,5,5,6,5,6,5,6,6,4,5,3,6,7,4,3,5,6,7,7,55,77,67,74,77,47,2021-06-10 11:50:10,4,5,5,4,7,7,7,4,7,7,6,6,5,6,6,7,5,7,6,5,6,5,7,5,7,5,6,6,6,4,4,6,6,7,4,5,6,6,6,6,7,4,"Première","Aesthetic",23,22,21,18,26,24,28,18,25,5.83333333333333
2021-06-09 08:47:37,22,"Débutant(e) : Je n'ai jamais (ou très peu) utilisé la réalité virtuelle","Jamais","Femme","ENISE (Saint-Etienne)",5,5,2,2,5,7,5,5,6,5,6,5,6,6,4,5,3,6,7,4,3,5,6,7,7,55,77,67,74,77,47,2021-06-10 12:35:07,5,5,6,7,7,6,7,5,7,6,6,7,6,7,6,7,5,7,7,7,7,6,7,6,7,6,7,6,7,7,6,7,6,7,5,6,6,6,6,5,7,5,"Deuxième","Goals",24,25,27,25,28,24,28,21,27,5.83333333333333
2021-06-09 08:47:37,22,"Débutant(e) : Je n'ai jamais (ou très peu) utilisé la réalité virtuelle","Jamais","Femme","ENISE (Saint-Etienne)",5,5,2,2,5,7,5,5,6,5,6,5,6,6,4,5,3,6,7,4,3,5,6,7,7,55,77,67,74,77,47,2021-06-10 12:49:50,5,7,5,4,7,7,7,5,7,6,6,6,6,7,5,7,5,7,7,6,7,6,7,6,7,5,6,6,6,5,5,7,6,7,5,6,6,7,6,6,7,7,"Troisième","Narrative",24,25,23,21,28,24,28,20,26,6.5
2021-06-09 15:49:05,19,"Débutant(e) : Je n'ai jamais (ou très peu) utilisé la réalité virtuelle","Régulièrement","Homme","ENISE (Saint-Etienne)",7,4,6,7,7,6,7,7,7,7,7,7,6,5,5,7,6,7,6,6,5,2,6,7,7,56,97,90,84,74,87,2021-06-10 15:49:05,6,7,6,5,7,6,2,1,7,7,7,6,6,7,6,7,2,6,6,7,7,6,7,6,7,1,6,6,5,4,6,7,6,7,2,6,7,7,5,5,4,1,"Première","Aesthetic",25,26,23,23,28,24,23,6,25,4.83333333333333
2021-06-09 15:49:05,19,"Débutant(e) : Je n'ai jamais (ou très peu) utilisé la réalité virtuelle","Régulièrement","Homme","ENISE (Saint-Etienne)",7,4,6,7,7,6,7,7,7,7,7,7,6,5,5,7,6,7,6,6,5,2,6,7,7,56,97,90,84,74,87,2021-06-10 16:10:32,7,7,7,7,7,6,7,1,7,7,6,7,6,7,6,7,1,6,7,7,7,7,7,6,7,1,7,7,7,7,6,7,7,7,1,7,7,7,6,6,5,7,"Deuxième","Narrative",28,27,28,26,28,25,28,4,27,6.33333333333333
2021-06-09 15:49:05,19,"Débutant(e) : Je n'ai jamais (ou très peu) utilisé la réalité virtuelle","Régulièrement","Homme","ENISE (Saint-Etienne)",7,4,6,7,7,6,7,7,7,7,7,7,6,5,5,7,6,7,6,6,5,2,6,7,7,56,97,90,84,74,87,2021-06-10 16:31:49,6,7,7,7,7,6,7,1,7,7,7,7,7,7,6,7,1,6,6,7,7,7,7,6,7,1,7,7,7,7,6,7,6,7,1,7,7,7,7,7,6,7,"Troisième","Goals",26,28,28,27,28,24,28,4,27,6.83333333333333
2021-06-09 16:19:23,22,"Débutant(e) : Je n'ai jamais (ou très peu) utilisé la réalité virtuelle","Régulièrement","Homme","INSA Lyon",5,3,6,4,5,7,7,7,7,7,7,7,7,7,6,6,7,6,7,6,7,4,7,5,7,57,100,90,97,84,60,2021-06-10 14:32:29,5,6,7,7,6,6,7,4,7,4,6,7,6,6,6,7,4,7,6,6,6,6,7,4,7,1,7,6,7,7,6,7,6,7,4,6,6,6,4,6,5,3,"Première","Goals",21,25,27,25,26,22,28,13,27,5
2021-06-09 16:19:23,22,"Débutant(e) : Je n'ai jamais (ou très peu) utilisé la réalité virtuelle","Régulièrement","Homme","INSA Lyon",5,3,6,4,5,7,7,7,7,7,7,7,7,7,6,6,7,6,7,6,7,4,7,5,7,57,100,90,97,84,60,2021-06-10 14:52:21,7,7,7,7,7,7,7,2,5,7,7,7,7,7,7,7,2,4,7,7,7,7,7,7,7,1,5,7,7,7,7,7,7,7,2,5,6,5,6,5,5,5,"Deuxième","Narrative",28,28,28,28,28,28,28,7,19,5.33333333333333
2021-06-09 16:19:23,22,"Débutant(e) : Je n'ai jamais (ou très peu) utilisé la réalité virtuelle","Régulièrement","Homme","INSA Lyon",5,3,6,4,5,7,7,7,7,7,7,7,7,7,6,6,7,6,7,6,7,4,7,5,7,57,100,90,97,84,60,2021-06-10 15:17:11,7,7,7,7,7,7,7,4,7,7,7,7,7,7,7,7,4,7,7,7,2,7,7,7,7,1,7,7,7,2,7,7,7,7,4,6,7,7,7,6,2,4,"Troisième","Aesthetic",28,28,18,28,28,28,28,13,27,5.5
