experimental,experimental,experimental,experimental,experimental,experimental,experimental,demographics,demographics,gaming,gaming,FPT_items,FPT_items,FPT_items,FPT_items,FPT_items,FPT_items,FPT_items,FPT_items,FPT_items,FPT_items,FPT_items,FPT_items,FPT_items,FPT_items,FPT_items,FPT_items,FPT_items,FPT_items,FPT_items,FPT_items,FPT_items,FPT_items,FPT_items,FPT_items,FPT_items,FPT_scores,FPT_scores,FPT_scores,FPT_scores,FPT_scores,DFS_items,DFS_items,DFS_items,DFS_items,DFS_items,DFS_items,DFS_items,DFS_items,DFS_items,DFS_items,DFS_items,DFS_items,DFS_items,DFS_items,DFS_items,DFS_items,DFS_items,DFS_items,DFS_items,DFS_items,DFS_items,DFS_items,DFS_items,DFS_items,DFS_items,DFS_items,DFS_items,DFS_items,DFS_items,DFS_items,DFS_items,DFS_items,DFS_items,DFS_items,DFS_items,DFS_items,DFS_scores,DFS_scores,DFS_scores,DFS_scores,DFS_scores,DFS_scores,DFS_scores,DFS_scores,DFS_scores,TPI_items,TPI_items,TPI_items,TPI_items,TPI_items,TPI_items,TPI_scores
profiling_index,subject_id,condition,condition_order,passation_site,FPT_completion,DFS_completion,gender,age,vr_mastery,videogame_practice,S1,S2,S3,S4,S5,A1,A2,A3,A4,A5,N1,N2,N3,N4,N5,C1,C2,C3,C4,C5,G1,G2,G3,G4,G5,social,aesthetic,challenge,narrative,goal,S01,A02,G03,U04,C05,O06,L07,T08,X09,S10,A11,G12,U13,C14,O15,L16,T17,X18,S19,A20,G21,U22,C23,O24,L25,T26,X27,S28,A29,G30,U31,C32,O33,L34,T35,X36,challenge_skill_balance,action_awareness,clear_goals,unambiguous_feedback,concentration,sense_of_control,loss_self_consciousness,time_transformation,autotelic_experience,E1,E2,E3,E4,E5,E6,engagement
0,7,Aesthetic,1,INSA Lyon,2021-05-21 18:12:02,2021-05-27 14:28:43,Homme,20,Débutant(e) : Je n'ai jamais (ou très peu) utilisé la réalité virtuelle,Régulièrement,6,5,6,6,5,4,6,6,7,5,4,6,7,6,6,5,7,6,6,6,1,3,2,2,5,77,77,84,80,27,4,3,3,5,6,6,2,3,6,6,5,3,4,6,3,3,7,4,5,6,3,4,6,2,7,3,6,6,5,2,1,6,3,2,6,6,21,19,11,14,24,14,14,19,22,6,5,3,5,6,6,5.16666666666667
1,7,Narrative,2,INSA Lyon,2021-05-21 18:12:02,2021-05-27 14:49:53,Homme,20,Débutant(e) : Je n'ai jamais (ou très peu) utilisé la réalité virtuelle,Régulièrement,6,5,6,6,5,4,6,6,7,5,4,6,7,6,6,5,7,6,6,6,1,3,2,2,5,77,77,84,80,27,6,4,5,6,5,6,3,6,6,6,6,5,4,6,4,5,6,5,6,6,5,6,5,5,7,6,6,6,6,6,3,5,5,5,6,6,24,22,21,19,21,20,20,24,23,6,4,4,5,6,6,5.16666666666667
2,7,Goals,3,INSA Lyon,2021-05-21 18:12:02,2021-05-27 15:07:51,Homme,20,Débutant(e) : Je n'ai jamais (ou très peu) utilisé la réalité virtuelle,Régulièrement,6,5,6,6,5,4,6,6,7,5,4,6,7,6,6,5,7,6,6,6,1,3,2,2,5,77,77,84,80,27,7,6,7,6,5,6,7,6,7,6,6,6,5,6,5,6,6,7,6,7,7,7,5,5,7,7,7,7,7,7,4,5,5,6,6,7,26,26,27,22,21,21,26,25,28,6,6,5,4,7,7,5.83333333333333
3,10,Narrative,1,INSA Lyon,2021-05-24 10:46:53,2021-05-27 12:39:25,Autre,23,Initié(e) : J'ai déjà utilisé la réalité virtuelle plusieurs fois,Régulièrement,5,5,7,6,5,7,7,6,7,6,6,6,6,6,6,5,4,5,3,3,5,4,3,4,5,77,94,50,84,54,3,5,3,5,6,5,7,5,6,5,3,4,3,6,7,6,6,5,4,5,5,3,5,4,7,3,5,4,5,3,3,6,5,7,5,5,16,18,15,14,23,21,27,19,21,5,4,4,3,4,5,4.16666666666667
4,10,Goals,2,INSA Lyon,2021-05-24 10:46:53,2021-05-27 12:56:03,Autre,23,Initié(e) : J'ai déjà utilisé la réalité virtuelle plusieurs fois,Régulièrement,5,5,7,6,5,7,7,6,7,6,6,6,6,6,6,5,4,5,3,3,5,4,3,4,5,77,94,50,84,54,5,5,6,4,5,6,7,4,6,5,5,4,3,6,6,7,2,5,6,5,6,6,6,5,6,2,6,6,6,6,4,5,4,7,4,5,22,21,22,17,22,21,27,12,22,6,5,5,4,4,4,4.66666666666667
5,10,Aesthetic,3,INSA Lyon,2021-05-24 10:46:53,2021-05-27 13:12:40,Autre,23,Initié(e) : J'ai déjà utilisé la réalité virtuelle plusieurs fois,Régulièrement,5,5,7,6,5,7,7,6,7,6,6,6,6,6,6,5,4,5,3,3,5,4,3,4,5,77,94,50,84,54,6,7,7,5,7,5,5,6,7,6,5,6,6,7,6,7,4,5,6,6,6,7,6,5,7,3,6,6,5,6,6,6,6,6,5,6,24,23,25,24,26,22,25,18,24,6,6,6,5,6,5,5.66666666666667
6,11,Goals,1,INSA Lyon,2021-05-26 14:26:32,2021-05-27 16:36:24,Homme,21,Débutant(e) : Je n'ai jamais (ou très peu) utilisé la réalité virtuelle,Occasionnellement,6,4,2,3,3,4,5,5,7,7,5,6,4,4,7,3,1,5,5,3,1,1,4,4,5,44,77,40,70,34,5,4,3,3,5,4,7,7,6,4,3,4,5,3,4,7,7,6,5,5,6,4,6,3,7,5,5,3,5,3,5,5,3,7,6,6,17,17,16,17,19,14,28,25,23,5,5,3,3,4,4,4.0
7,11,Aesthetic,2,INSA Lyon,2021-05-26 14:26:32,2021-05-27 16:48:28,Homme,21,Débutant(e) : Je n'ai jamais (ou très peu) utilisé la réalité virtuelle,Occasionnellement,6,4,2,3,3,4,5,5,7,7,5,6,4,4,7,3,1,5,5,3,1,1,4,4,5,44,77,40,70,34,6,5,5,3,5,3,7,7,5,6,5,3,6,6,4,7,7,6,6,6,4,4,5,4,7,5,6,5,4,3,4,6,4,7,5,4,23,20,15,17,22,15,28,24,21,5,3,3,4,5,3,3.83333333333333
8,11,Narrative,3,INSA Lyon,2021-05-26 14:26:32,2021-05-27 17:06:25,Homme,21,Débutant(e) : Je n'ai jamais (ou très peu) utilisé la réalité virtuelle,Occasionnellement,6,4,2,3,3,4,5,5,7,7,5,6,4,4,7,3,1,5,5,3,1,1,4,4,5,44,77,40,70,34,6,6,6,6,6,5,5,5,6,6,5,5,6,6,5,5,6,6,5,6,5,5,6,6,5,5,5,5,5,6,5,5,6,6,5,4,22,22,22,22,23,22,21,21,21,5,5,4,4,5,5,4.66666666666667
12,15,Aesthetic,1,INSA Lyon,2021-05-27 11:58:28,2021-05-31 16:36:32,Homme,20,Débutant(e) : Je n'ai jamais (ou très peu) utilisé la réalité virtuelle,Régulièrement,7,6,7,7,7,7,7,7,7,7,7,7,6,7,6,5,5,7,7,7,6,2,7,6,6,97,100,87,94,74,1,2,2,2,5,2,4,4,7,4,4,2,2,6,6,4,4,4,4,5,2,2,5,2,7,4,6,4,2,1,2,5,4,4,4,3,13,13,7,8,21,14,19,16,20,6,6,6,6,5,4,5.5
13,15,Goals,2,INSA Lyon,2021-05-27 11:58:28,2021-05-31 16:51:30,Homme,20,Débutant(e) : Je n'ai jamais (ou très peu) utilisé la réalité virtuelle,Régulièrement,7,6,7,7,7,7,7,7,7,7,7,7,6,7,6,5,5,7,7,7,6,2,7,6,6,97,100,87,94,74,4,3,7,6,6,6,4,4,7,7,5,6,6,6,6,4,4,5,7,7,7,7,7,6,7,4,7,7,2,7,7,6,6,4,4,4,25,17,27,26,25,24,19,16,23,6,6,6,5,6,6,5.83333333333333
14,15,Narrative,3,INSA Lyon,2021-05-27 11:58:28,2021-05-31 17:07:12,Homme,20,Débutant(e) : Je n'ai jamais (ou très peu) utilisé la réalité virtuelle,Régulièrement,7,6,7,7,7,7,7,7,7,7,7,7,6,7,6,5,5,7,7,7,6,2,7,6,6,97,100,87,94,74,1,4,6,3,6,6,6,4,6,7,7,6,6,6,6,6,4,5,7,7,6,6,6,6,6,4,5,7,6,6,6,6,6,6,4,5,22,24,24,21,24,24,24,16,21,6,6,5,5,5,6,5.5
15,16,Narrative,1,INSA Lyon,2021-05-28 10:55:44,2021-06-01 14:31:49,Femme,20,Débutant(e) : Je n'ai jamais (ou très peu) utilisé la réalité virtuelle,Occasionnellement,6,5,6,5,7,6,7,6,4,7,6,7,4,6,6,5,5,6,7,6,3,2,5,2,4,80,84,80,80,37,7,7,7,6,6,7,4,6,7,7,7,6,5,6,6,5,6,7,7,7,4,5,6,6,5,6,7,7,7,5,6,6,6,5,6,6,28,28,22,22,24,25,19,24,27,6,6,6,5,5,2,5.0
16,16,Aesthetic,2,INSA Lyon,2021-05-28 10:55:44,2021-06-01 14:50:18,Femme,20,Débutant(e) : Je n'ai jamais (ou très peu) utilisé la réalité virtuelle,Occasionnellement,6,5,6,5,7,6,7,6,4,7,6,7,4,6,6,5,5,6,7,6,3,2,5,2,4,80,84,80,80,37,6,6,3,3,6,6,4,2,4,6,5,4,6,5,6,5,3,6,6,6,3,4,5,6,5,3,5,6,6,4,6,5,6,4,3,4,24,23,14,19,21,24,18,11,19,5,5,5,5,2,3,4.16666666666667
17,16,Goals,3,INSA Lyon,2021-05-28 10:55:44,2021-06-01 15:05:43,Femme,20,Débutant(e) : Je n'ai jamais (ou très peu) utilisé la réalité virtuelle,Occasionnellement,6,5,6,5,7,6,7,6,4,7,6,7,4,6,6,5,5,6,7,6,3,2,5,2,4,80,84,80,80,37,5,5,7,7,6,6,6,5,7,6,6,7,5,6,6,5,6,6,5,5,7,7,7,6,5,6,7,6,6,7,6,6,6,5,6,7,22,22,28,25,25,24,21,23,27,7,6,6,6,6,5,6.0
18,17,Aesthetic,1,INSA Lyon,2021-05-28 11:11:56,2021-06-02 16:32:22,Homme,21,Expert(e) : Je suis développeur(se) et/ou chercheur(se) en réalité virtuelle,Régulièrement,7,6,7,6,6,7,7,6,6,5,5,6,6,6,5,2,2,5,3,2,3,4,3,2,6,90,87,30,77,44,1,6,6,6,7,5,7,6,5,7,6,4,5,7,6,7,3,6,7,7,3,5,7,5,7,6,5,7,7,2,4,7,5,7,7,6,22,26,15,20,28,21,28,22,22,7,6,7,3,6,3,5.33333333333333
19,17,Narrative,2,INSA Lyon,2021-05-28 11:11:56,2021-06-02 16:53:10,Homme,21,Expert(e) : Je suis développeur(se) et/ou chercheur(se) en réalité virtuelle,Régulièrement,7,6,7,6,6,7,7,6,6,5,5,6,6,6,5,2,2,5,3,2,3,4,3,2,6,90,87,30,77,44,7,7,6,5,6,5,7,6,6,7,7,5,6,6,6,7,7,6,7,7,4,6,7,5,7,6,5,7,6,5,5,6,5,7,6,7,28,27,20,22,25,21,28,25,24,6,6,7,5,7,6,6.16666666666667
20,17,Goals,3,INSA Lyon,2021-05-28 11:11:56,2021-06-02 17:14:56,Homme,21,Expert(e) : Je suis développeur(se) et/ou chercheur(se) en réalité virtuelle,Régulièrement,7,6,7,6,6,7,7,6,6,5,5,6,6,6,5,2,2,5,3,2,3,4,3,2,6,90,87,30,77,44,6,7,6,5,5,5,7,4,7,7,6,5,7,6,7,6,4,7,7,5,7,6,5,5,7,4,6,7,7,6,7,5,4,6,3,6,27,25,24,25,21,21,26,15,26,6,6,6,2,2,7,4.83333333333333
21,18,Aesthetic,1,INSA Lyon,2021-05-28 11:51:05,2021-06-02 14:39:21,Homme,20,Débutant(e) : Je n'ai jamais (ou très peu) utilisé la réalité virtuelle,Tous les jours,6,5,7,7,4,7,7,6,6,7,5,7,6,7,7,6,3,7,7,6,1,2,5,5,7,80,94,80,90,50,6,7,7,2,7,6,3,1,6,6,4,3,4,5,6,3,4,7,6,5,7,6,7,5,3,1,5,6,5,3,1,6,5,3,1,4,24,21,20,13,25,22,12,7,22,6,6,5,4,5,2,4.66666666666667
22,18,Narrative,2,INSA Lyon,2021-05-28 11:51:05,2021-06-02 14:58:01,Homme,20,Débutant(e) : Je n'ai jamais (ou très peu) utilisé la réalité virtuelle,Tous les jours,6,5,7,7,4,7,7,6,6,7,5,7,6,7,7,6,3,7,7,6,1,2,5,5,7,80,94,80,90,50,7,7,7,1,6,5,7,1,6,4,7,5,4,6,5,7,1,7,4,7,2,6,6,5,7,1,5,6,7,3,2,7,5,1,1,4,21,28,17,13,25,20,22,4,22,6,6,5,3,5,6,5.16666666666667
23,18,Goals,3,INSA Lyon,2021-05-28 11:51:05,2021-06-02 15:26:04,Homme,20,Débutant(e) : Je n'ai jamais (ou très peu) utilisé la réalité virtuelle,Tous les jours,6,5,7,7,4,7,7,6,6,7,5,7,6,7,7,6,3,7,7,6,1,2,5,5,7,80,94,80,90,50,7,7,7,6,7,6,2,1,6,7,6,7,6,7,5,4,1,7,6,7,7,7,6,4,1,1,7,6,7,7,7,6,5,1,1,6,26,27,28,26,26,20,8,4,26,6,6,4,4,7,2,4.83333333333333
24,19,Goals,1,INSA Lyon,2021-05-28 12:09:30,2021-06-04 10:55:24,Homme,22,Débutant(e) : Je n'ai jamais (ou très peu) utilisé la réalité virtuelle,Tous les jours,5,3,5,4,3,6,6,6,5,5,6,6,6,7,6,5,3,5,6,5,6,5,6,6,5,50,77,64,87,77,6,6,6,4,2,7,6,6,7,6,6,6,7,7,7,5,6,7,7,7,7,7,6,7,7,6,7,7,7,6,7,7,7,6,6,7,26,26,25,25,22,28,24,24,28,6,7,6,6,2,6,5.5
25,19,Aesthetic,2,INSA Lyon,2021-05-28 12:09:30,2021-06-04 11:19:56,Homme,22,Débutant(e) : Je n'ai jamais (ou très peu) utilisé la réalité virtuelle,Tous les jours,5,3,5,4,3,6,6,6,5,5,6,6,6,7,6,5,3,5,6,5,6,5,6,6,5,50,77,64,87,77,6,7,7,3,6,7,6,3,6,7,7,7,7,7,7,6,4,6,7,7,2,7,7,7,6,2,6,7,7,3,4,7,7,6,3,6,27,28,19,21,27,28,24,12,24,7,6,6,6,1,6,5.33333333333333
26,19,Narrative,3,INSA Lyon,2021-05-28 12:09:30,2021-06-04 11:42:38,Homme,22,Débutant(e) : Je n'ai jamais (ou très peu) utilisé la réalité virtuelle,Tous les jours,5,3,5,4,3,6,6,6,5,5,6,6,6,7,6,5,3,5,6,5,6,5,6,6,5,50,77,64,87,77,7,7,7,3,5,7,6,5,7,7,7,6,6,7,7,6,5,5,6,7,4,5,6,7,6,5,7,7,7,3,7,7,7,6,5,6,27,28,20,21,25,28,24,20,25,7,7,7,7,6,7,6.83333333333333
27,20,Goals,1,INSA Lyon,2021-05-28 12:21:09,2021-06-01 16:37:31,Homme,22,Initié(e) : J'ai déjà utilisé la réalité virtuelle plusieurs fois,Occasionnellement,6,4,7,5,6,6,7,7,7,7,7,7,7,6,6,5,7,6,6,4,3,3,6,5,5,77,97,77,94,57,4,5,5,6,7,6,7,3,6,5,5,6,4,7,6,7,2,6,5,6,6,6,6,5,7,3,6,6,6,6,6,6,5,6,3,4,20,22,23,22,26,22,27,11,22,6,6,6,6,6,2,5.33333333333333
28,20,Narrative,2,INSA Lyon,2021-05-28 12:21:09,2021-06-01 16:55:24,Homme,22,Initié(e) : J'ai déjà utilisé la réalité virtuelle plusieurs fois,Occasionnellement,6,4,7,5,6,6,7,7,7,7,7,7,7,6,6,5,7,6,6,4,3,3,6,5,5,77,97,77,94,57,5,7,6,5,7,6,7,4,6,5,6,6,6,6,6,6,4,6,5,5,6,6,6,5,6,6,6,6,6,5,6,6,5,6,4,4,21,24,23,23,25,22,25,18,22,6,6,5,6,6,3,5.33333333333333
29,20,Aesthetic,3,INSA Lyon,2021-05-28 12:21:09,2021-06-01 17:24:00,Homme,22,Initié(e) : J'ai déjà utilisé la réalité virtuelle plusieurs fois,Occasionnellement,6,4,7,5,6,6,7,7,7,7,7,7,7,6,6,5,7,6,6,4,3,3,6,5,5,77,97,77,94,57,6,6,4,5,7,6,7,4,7,6,6,5,5,6,6,7,4,6,5,6,5,6,7,6,7,4,7,6,6,5,5,5,6,7,4,5,23,24,19,21,25,24,28,16,25,6,6,5,5,6,3,5.16666666666667
30,22,Goals,1,ENISE (Saint-Etienne),2021-05-28 13:17:08,2021-05-31 17:54:27,Homme,21,Débutant(e) : Je n'ai jamais (ou très peu) utilisé la réalité virtuelle,Occasionnellement,6,6,6,5,5,6,7,5,7,5,4,5,2,3,3,3,2,6,5,5,4,2,6,4,5,77,84,54,40,54,5,2,7,6,6,7,7,3,7,4,3,6,7,6,7,7,3,7,5,5,6,5,7,7,7,5,7,3,6,7,6,7,7,7,3,7,17,16,26,24,26,28,28,14,28,7,7,6,6,7,7,6.66666666666667
31,22,Narrative,2,ENISE (Saint-Etienne),2021-05-28 13:17:08,2021-05-31 18:07:25,Homme,21,Débutant(e) : Je n'ai jamais (ou très peu) utilisé la réalité virtuelle,Occasionnellement,6,6,6,5,5,6,7,5,7,5,4,5,2,3,3,3,2,6,5,5,4,2,6,4,5,77,84,54,40,54,7,7,7,7,7,7,7,5,7,7,7,7,7,7,7,7,5,7,7,7,7,7,7,7,7,7,7,7,7,7,7,7,7,7,5,7,28,28,28,28,28,28,28,22,28,7,7,7,6,7,7,6.83333333333333
32,22,Aesthetic,3,ENISE (Saint-Etienne),2021-05-28 13:17:08,2021-05-31 18:21:21,Homme,21,Débutant(e) : Je n'ai jamais (ou très peu) utilisé la réalité virtuelle,Occasionnellement,6,6,6,5,5,6,7,5,7,5,4,5,2,3,3,3,2,6,5,5,4,2,6,4,5,77,84,54,40,54,7,7,7,7,7,7,7,6,7,7,7,7,7,7,7,7,7,7,7,7,7,7,7,7,7,5,7,7,7,7,7,7,7,7,5,7,28,28,28,28,28,28,28,23,28,6,7,7,6,7,5,6.33333333333333
33,24,Aesthetic,1,ENISE (Saint-Etienne),2021-05-28 14:05:09,2021-06-10 18:19:12,Homme,21,Débutant(e) : Je n'ai jamais (ou très peu) utilisé la réalité virtuelle,Jamais,7,7,7,7,7,7,7,7,6,7,4,6,3,7,7,3,1,4,4,4,1,1,5,1,2,100,97,37,74,17,7,6,4,1,6,5,2,1,7,7,7,4,5,7,7,7,4,7,7,7,4,5,7,7,7,1,7,7,7,1,4,7,7,7,1,7,28,27,13,15,27,26,23,7,28,6,7,5,6,1,4,4.83333333333333
34,24,Goals,2,ENISE (Saint-Etienne),2021-05-28 14:05:09,2021-06-10 18:40:59,Homme,21,Débutant(e) : Je n'ai jamais (ou très peu) utilisé la réalité virtuelle,Jamais,7,7,7,7,7,7,7,7,6,7,4,6,3,7,7,3,1,4,4,4,1,1,5,1,2,100,97,37,74,17,7,7,7,7,7,7,7,7,7,7,7,7,7,7,7,7,7,7,7,7,7,7,7,7,7,7,7,7,7,7,7,7,7,7,7,7,28,28,28,28,28,28,28,28,28,7,7,4,6,3,7,5.66666666666667
35,24,Narrative,3,ENISE (Saint-Etienne),2021-05-28 14:05:09,2021-06-10 18:55:36,Homme,21,Débutant(e) : Je n'ai jamais (ou très peu) utilisé la réalité virtuelle,Jamais,7,7,7,7,7,7,7,7,6,7,4,6,3,7,7,3,1,4,4,4,1,1,5,1,2,100,97,37,74,17,7,7,7,4,7,7,7,7,7,7,7,7,7,7,7,7,7,7,7,7,7,7,7,7,7,7,7,7,7,6,7,7,7,7,4,7,28,28,27,25,28,28,28,25,28,7,7,5,7,7,7,6.66666666666667
36,25,Narrative,1,INSA Lyon,2021-05-28 15:32:47,2021-06-07 12:18:58,Homme,20,Débutant(e) : Je n'ai jamais (ou très peu) utilisé la réalité virtuelle,Occasionnellement,6,3,5,5,6,5,6,5,3,6,5,6,5,6,5,4,6,5,4,4,5,2,5,5,5,67,67,60,74,57,2,4,6,6,5,3,1,4,7,7,4,6,5,6,5,7,5,7,2,7,7,7,4,2,1,3,7,5,5,6,5,5,3,7,5,5,16,20,25,23,20,13,16,17,26,5,7,5,4,4,6,5.16666666666667
37,25,Aesthetic,2,INSA Lyon,2021-05-28 15:32:47,2021-06-07 12:43:43,Homme,20,Débutant(e) : Je n'ai jamais (ou très peu) utilisé la réalité virtuelle,Occasionnellement,6,3,5,5,6,5,6,5,3,6,5,6,5,6,5,4,6,5,4,4,5,2,5,5,5,67,67,60,74,57,5,4,6,6,5,6,2,5,7,7,4,4,4,5,6,7,6,6,6,7,1,7,4,5,6,2,7,7,7,2,3,3,6,7,6,7,25,22,13,20,17,23,22,19,27,6,7,5,4,2,6,5.0
38,25,Goals,3,INSA Lyon,2021-05-28 15:32:47,2021-06-07 13:03:00,Homme,20,Débutant(e) : Je n'ai jamais (ou très peu) utilisé la réalité virtuelle,Occasionnellement,6,3,5,5,6,5,6,5,3,6,5,6,5,6,5,4,6,5,4,4,5,2,5,5,5,67,67,60,74,57,5,6,6,6,6,5,7,5,7,7,7,7,6,5,6,7,5,7,7,7,7,6,4,5,6,6,7,7,6,5,5,4,6,6,6,7,26,26,25,23,19,22,26,22,28,5,6,5,5,6,6,5.5
39,26,Narrative,1,INSA Lyon,2021-05-28 19:18:29,2021-06-02 10:51:14,Homme,19,Débutant(e) : Je n'ai jamais (ou très peu) utilisé la réalité virtuelle,Régulièrement,6,7,7,7,7,6,6,7,5,6,4,6,6,5,7,5,3,6,6,5,7,1,6,5,7,97,84,67,77,70,2,4,7,5,6,6,1,1,7,6,4,7,4,5,7,3,1,7,6,5,7,7,2,2,6,1,7,2,6,6,7,2,6,2,1,7,16,19,27,23,15,21,12,4,28,6,7,2,2,2,6,4.16666666666667
40,26,Aesthetic,2,INSA Lyon,2021-05-28 19:18:29,2021-06-02 11:14:10,Homme,19,Débutant(e) : Je n'ai jamais (ou très peu) utilisé la réalité virtuelle,Régulièrement,6,7,7,7,7,6,6,7,5,6,4,6,6,5,7,5,3,6,6,5,7,1,6,5,7,97,84,67,77,70,1,4,2,1,6,7,4,1,7,1,4,6,6,6,6,2,1,6,1,7,1,7,2,2,2,1,7,1,7,6,1,6,6,2,1,6,4,22,15,15,20,21,10,4,26,6,5,4,1,5,1,3.66666666666667
41,26,Goals,3,INSA Lyon,2021-05-28 19:18:29,2021-06-02 11:39:31,Homme,19,Débutant(e) : Je n'ai jamais (ou très peu) utilisé la réalité virtuelle,Régulièrement,6,7,7,7,7,6,6,7,5,6,4,6,6,5,7,5,3,6,6,5,7,1,6,5,7,97,84,67,77,70,7,1,2,2,7,7,2,1,7,7,2,6,3,6,7,2,1,7,7,4,2,7,7,6,7,1,7,6,1,7,2,7,7,2,1,6,27,8,17,14,27,27,13,4,27,7,7,2,1,6,5,4.66666666666667
42,28,Aesthetic,1,ENISE (Saint-Etienne),2021-05-29 10:03:59,2021-06-07 13:45:29,Homme,18,Débutant(e) : Je n'ai jamais (ou très peu) utilisé la réalité virtuelle,Régulièrement,6,5,6,5,2,6,7,7,5,7,6,7,7,6,7,5,3,5,5,5,3,2,5,4,6,64,90,60,94,50,7,6,6,6,7,5,7,7,6,7,4,5,4,7,7,7,7,7,7,7,7,5,7,7,7,1,7,6,4,5,5,7,7,7,7,7,27,21,23,20,28,26,28,22,27,7,7,6,6,7,5,6.33333333333333
43,28,Narrative,2,ENISE (Saint-Etienne),2021-05-29 10:03:59,2021-06-07 14:03:48,Homme,18,Débutant(e) : Je n'ai jamais (ou très peu) utilisé la réalité virtuelle,Régulièrement,6,5,6,5,2,6,7,7,5,7,6,7,7,6,7,5,3,5,5,5,3,2,5,4,6,64,90,60,94,50,7,7,4,5,7,5,7,7,7,7,5,5,5,7,5,7,7,7,6,7,7,7,7,4,7,1,7,7,6,5,6,7,6,7,7,6,27,25,21,23,28,20,28,22,27,7,7,6,6,7,7,6.66666666666667
44,28,Goals,3,ENISE (Saint-Etienne),2021-05-29 10:03:59,2021-06-07 14:21:49,Homme,18,Débutant(e) : Je n'ai jamais (ou très peu) utilisé la réalité virtuelle,Régulièrement,6,5,6,5,2,6,7,7,5,7,6,7,7,6,7,5,3,5,5,5,3,2,5,4,6,64,90,60,94,50,7,7,7,6,7,7,7,7,7,7,5,5,5,7,6,7,7,7,6,6,7,7,7,5,7,1,7,5,6,7,6,7,5,7,7,7,25,24,26,24,28,23,28,22,28,7,7,7,6,7,6,6.66666666666667
45,29,Aesthetic,1,ENISE (Saint-Etienne),2021-05-30 10:44:14,2021-06-09 11:36:02,Femme,21,Débutant(e) : Je n'ai jamais (ou très peu) utilisé la réalité virtuelle,Occasionnellement,3,2,4,1,3,4,7,7,7,4,3,6,2,2,5,4,6,6,6,5,6,3,7,7,7,27,80,74,44,84,4,3,5,5,7,7,4,6,6,4,5,5,3,7,3,3,7,6,4,2,5,2,7,2,4,7,5,4,3,3,4,7,3,4,7,5,16,13,18,14,28,15,15,27,22,6,7,7,5,6,4,5.83333333333333
46,29,Narrative,2,ENISE (Saint-Etienne),2021-05-30 10:44:14,2021-06-09 12:02:03,Femme,21,Débutant(e) : Je n'ai jamais (ou très peu) utilisé la réalité virtuelle,Occasionnellement,3,2,4,1,3,4,7,7,7,4,3,6,2,2,5,4,6,6,6,5,6,3,7,7,7,27,80,74,44,84,6,6,7,3,7,7,2,7,7,5,6,7,5,7,7,2,7,6,5,7,7,6,7,6,2,7,6,5,6,6,6,7,7,2,7,7,21,25,27,20,28,27,8,28,26,6,7,6,6,6,7,6.33333333333333
47,29,Goals,3,ENISE (Saint-Etienne),2021-05-30 10:44:14,2021-06-09 12:30:16,Femme,21,Débutant(e) : Je n'ai jamais (ou très peu) utilisé la réalité virtuelle,Occasionnellement,3,2,4,1,3,4,7,7,7,4,3,6,2,2,5,4,6,6,6,5,6,3,7,7,7,27,80,74,44,84,4,5,7,5,7,7,1,7,7,5,3,7,3,7,7,1,7,7,5,7,7,6,7,5,1,7,7,5,6,6,6,7,6,1,7,7,19,21,27,20,28,25,4,28,28,7,7,7,7,7,7,7.0
48,30,Narrative,1,ENISE (Saint-Etienne),2021-05-30 12:07:59,2021-06-11 13:47:28,Femme,23,Débutant(e) : Je n'ai jamais (ou très peu) utilisé la réalité virtuelle,Jamais,4,1,3,3,3,4,4,7,5,4,5,5,4,4,3,6,5,5,7,7,4,5,5,4,5,30,64,84,54,60,3,4,2,1,3,2,4,6,7,4,4,2,3,3,3,2,7,7,6,3,7,3,4,2,3,5,6,4,4,1,2,3,3,2,5,7,17,15,12,9,13,10,11,23,27,6,6,5,6,6,6,5.83333333333333
49,30,Aesthetic,2,ENISE (Saint-Etienne),2021-05-30 12:07:59,2021-06-11 14:07:54,Femme,23,Débutant(e) : Je n'ai jamais (ou très peu) utilisé la réalité virtuelle,Jamais,4,1,3,3,3,4,4,7,5,4,5,5,4,4,3,6,5,5,7,7,4,5,5,4,5,30,64,84,54,60,3,1,1,1,3,2,1,5,5,5,1,1,3,2,1,1,5,5,4,2,7,1,2,1,2,6,4,4,1,1,6,2,2,1,5,5,16,5,10,11,9,6,5,21,19,5,6,6,5,6,6,5.66666666666667
50,30,Goals,3,ENISE (Saint-Etienne),2021-05-30 12:07:59,2021-06-11 14:27:57,Femme,23,Débutant(e) : Je n'ai jamais (ou très peu) utilisé la réalité virtuelle,Jamais,4,1,3,3,3,4,4,7,5,4,5,5,4,4,3,6,5,5,7,7,4,5,5,4,5,30,64,84,54,60,6,2,2,2,5,6,1,6,7,4,2,2,2,2,2,1,6,7,5,2,7,2,3,3,1,6,7,4,2,2,2,2,2,1,6,7,19,8,13,8,12,13,4,24,28,6,6,6,6,7,7,6.33333333333333
51,32,Goals,1,ENISE (Saint-Etienne),2021-05-31 10:08:17,2021-06-04 17:32:15,Homme,22,Initié(e) : J'ai déjà utilisé la réalité virtuelle plusieurs fois,Régulièrement,7,7,7,7,7,7,7,7,5,4,5,6,5,6,6,4,5,6,7,4,5,3,6,6,6,100,84,70,77,70,6,6,6,4,7,7,5,6,7,6,3,5,6,4,6,7,6,5,6,6,5,6,6,7,6,7,6,6,4,5,5,6,7,7,6,6,24,19,21,21,23,27,25,25,24,6,6,7,7,6,5,6.16666666666667
52,32,Narrative,2,ENISE (Saint-Etienne),2021-05-31 10:08:17,2021-06-04 17:45:45,Homme,22,Initié(e) : J'ai déjà utilisé la réalité virtuelle plusieurs fois,Régulièrement,7,7,7,7,7,7,7,7,5,4,5,6,5,6,6,4,5,6,7,4,5,3,6,6,6,100,84,70,77,70,6,5,6,5,5,6,5,6,6,6,5,6,5,5,6,6,5,5,6,6,7,7,6,6,6,6,6,6,6,5,6,6,7,6,6,7,24,22,24,23,22,25,23,23,24,6,5,7,6,6,7,6.16666666666667
53,32,Aesthetic,3,ENISE (Saint-Etienne),2021-05-31 10:08:17,2021-06-04 18:25:27,Homme,22,Initié(e) : J'ai déjà utilisé la réalité virtuelle plusieurs fois,Régulièrement,7,7,7,7,7,7,7,7,5,4,5,6,5,6,6,4,5,6,7,4,5,3,6,6,6,100,84,70,77,70,6,6,5,5,6,6,6,5,6,5,6,5,6,7,6,7,7,5,6,6,5,6,5,6,6,5,6,6,5,6,5,6,7,7,6,6,23,23,21,22,24,25,26,23,23,7,6,5,5,6,5,5.66666666666667
54,34,Goals,1,ENISE (Saint-Etienne),2021-05-31 14:08:38,2021-05-31 16:35:08,Homme,27,Débutant(e) : Je n'ai jamais (ou très peu) utilisé la réalité virtuelle,Occasionnellement,7,4,7,7,7,7,4,7,7,7,6,7,7,7,7,6,3,5,7,4,1,3,7,7,7,90,90,67,97,67,7,5,6,1,7,7,7,7,7,7,7,7,7,7,7,7,7,7,7,7,7,7,7,7,7,7,7,7,7,7,7,7,7,7,7,7,28,26,27,22,28,28,28,28,28,7,7,7,7,7,7,7.0
55,34,Aesthetic,2,ENISE (Saint-Etienne),2021-05-31 14:08:38,2021-05-31 16:58:16,Homme,27,Débutant(e) : Je n'ai jamais (ou très peu) utilisé la réalité virtuelle,Occasionnellement,7,4,7,7,7,7,4,7,7,7,6,7,7,7,7,6,3,5,7,4,1,3,7,7,7,90,90,67,97,67,7,7,7,7,7,7,7,7,7,7,7,7,7,7,7,6,5,7,7,7,7,7,7,7,7,7,7,7,7,6,1,7,7,6,7,7,28,28,27,22,28,28,26,26,28,7,7,3,7,6,4,5.66666666666667
56,34,Narrative,3,ENISE (Saint-Etienne),2021-05-31 14:08:38,2021-05-31 17:13:16,Homme,27,Débutant(e) : Je n'ai jamais (ou très peu) utilisé la réalité virtuelle,Occasionnellement,7,4,7,7,7,7,4,7,7,7,6,7,7,7,7,6,3,5,7,4,1,3,7,7,7,90,90,67,97,67,7,7,4,5,7,6,5,7,7,6,6,7,7,7,6,7,7,4,6,7,6,7,7,4,7,7,5,5,5,6,7,7,7,7,7,7,24,25,23,26,28,23,26,28,23,7,6,7,7,6,7,6.66666666666667
57,35,Aesthetic,1,INSA Lyon,2021-05-31 14:13:58,2021-06-02 12:38:06,Femme,20,Débutant(e) : Je n'ai jamais (ou très peu) utilisé la réalité virtuelle,Jamais,4,3,5,2,4,4,4,6,4,5,2,6,2,5,6,2,2,5,5,4,1,2,5,4,4,44,60,44,54,37,4,6,2,3,6,6,6,1,6,6,6,3,4,5,5,6,2,6,5,6,3,4,6,6,6,4,6,6,6,3,4,6,5,6,2,4,21,24,11,15,23,22,24,9,22,7,6,5,5,4,3,5.0
58,35,Goals,2,INSA Lyon,2021-05-31 14:13:58,2021-06-02 13:04:40,Femme,20,Débutant(e) : Je n'ai jamais (ou très peu) utilisé la réalité virtuelle,Jamais,4,3,5,2,4,4,4,6,4,5,2,6,2,5,6,2,2,5,5,4,1,2,5,4,4,44,60,44,54,37,6,6,6,4,6,6,7,2,6,6,6,5,6,6,6,7,2,6,6,6,5,5,6,5,7,4,6,5,5,5,4,6,5,7,4,4,23,23,21,19,24,22,28,12,22,6,6,7,6,5,4,5.66666666666667
59,35,Narrative,3,INSA Lyon,2021-05-31 14:13:58,2021-06-02 13:25:08,Femme,20,Débutant(e) : Je n'ai jamais (ou très peu) utilisé la réalité virtuelle,Jamais,4,3,5,2,4,4,4,6,4,5,2,6,2,5,6,2,2,5,5,4,1,2,5,4,4,44,60,44,54,37,6,6,4,3,6,6,7,5,6,6,6,5,6,6,6,7,5,7,6,7,5,5,7,6,7,5,5,6,6,5,5,6,6,7,5,5,24,25,19,19,25,24,28,20,23,7,6,6,7,6,6,6.33333333333333
60,37,Aesthetic,1,INSA Lyon,2021-05-31 16:16:44,2021-06-07 10:50:03,Femme,23,Débutant(e) : Je n'ai jamais (ou très peu) utilisé la réalité virtuelle,Occasionnellement,5,3,5,4,5,7,7,6,6,7,6,7,6,6,7,3,1,4,2,2,3,2,5,2,7,57,94,24,90,47,6,5,2,3,6,6,7,5,6,5,4,2,5,7,7,7,6,5,5,5,2,3,6,5,7,2,5,5,5,2,4,6,5,7,6,4,21,19,8,15,25,23,28,19,20,6,7,6,3,5,3,5.0
61,37,Goals,2,INSA Lyon,2021-05-31 16:16:44,2021-06-07 11:20:33,Femme,23,Débutant(e) : Je n'ai jamais (ou très peu) utilisé la réalité virtuelle,Occasionnellement,5,3,5,4,5,7,7,6,6,7,6,7,6,6,7,3,1,4,2,2,3,2,5,2,7,57,94,24,90,47,2,6,7,7,6,7,7,7,7,2,6,7,7,6,6,7,7,4,2,7,7,7,6,4,7,7,7,2,7,7,7,6,4,7,7,7,8,26,28,28,24,21,28,28,25,6,7,7,4,7,5,6.0
62,37,Narrative,3,INSA Lyon,2021-05-31 16:16:44,2021-06-07 11:38:58,Femme,23,Débutant(e) : Je n'ai jamais (ou très peu) utilisé la réalité virtuelle,Occasionnellement,5,3,5,4,5,7,7,6,6,7,6,7,6,6,7,3,1,4,2,2,3,2,5,2,7,57,94,24,90,47,7,7,7,6,7,7,7,1,5,7,7,7,7,7,7,7,1,4,7,7,7,7,7,7,7,1,5,7,7,7,7,7,7,7,1,4,28,28,28,27,28,28,28,4,18,6,7,5,5,3,6,5.33333333333333
63,38,Goals,1,INSA Lyon,2021-05-31 17:55:05,2021-06-04 17:09:39,Ne se prononce pas,23,Débutant(e) : Je n'ai jamais (ou très peu) utilisé la réalité virtuelle,Occasionnellement,6,3,7,5,5,7,6,3,5,7,7,7,7,7,6,4,5,6,6,4,6,5,4,7,7,70,77,67,97,80,1,4,7,7,7,5,7,7,7,4,4,7,7,7,4,7,7,7,5,7,7,7,7,5,7,7,7,5,7,7,5,7,6,7,7,5,15,22,28,26,28,20,28,28,26,5,6,6,7,6,7,6.16666666666667
64,38,Narrative,2,INSA Lyon,2021-05-31 17:55:05,2021-06-04 17:26:37,Ne se prononce pas,23,Débutant(e) : Je n'ai jamais (ou très peu) utilisé la réalité virtuelle,Occasionnellement,6,3,7,5,5,7,6,3,5,7,7,7,7,7,6,4,5,6,6,4,6,5,4,7,7,70,77,67,97,80,7,7,7,7,7,6,7,4,7,7,7,7,7,7,7,7,5,7,5,7,7,7,7,7,7,4,5,7,7,7,7,7,7,7,4,4,26,28,28,28,28,27,28,17,23,7,7,7,5,7,7,6.66666666666667
65,38,Aesthetic,3,INSA Lyon,2021-05-31 17:55:05,2021-06-04 17:45:48,Ne se prononce pas,23,Débutant(e) : Je n'ai jamais (ou très peu) utilisé la réalité virtuelle,Occasionnellement,6,3,7,5,5,7,6,3,5,7,7,7,7,7,6,4,5,6,6,4,6,5,4,7,7,70,77,67,97,80,7,7,7,7,7,7,7,7,7,6,7,7,6,7,5,7,7,7,7,5,7,6,7,7,7,7,7,7,5,7,7,7,5,7,7,7,27,24,28,26,28,24,28,28,28,7,7,5,5,7,4,5.83333333333333
66,39,Goals,1,ENISE (Saint-Etienne),2021-05-31 18:20:46,2021-06-11 16:22:43,Homme,20,Initié(e) : J'ai déjà utilisé la réalité virtuelle plusieurs fois,Régulièrement,5,6,7,6,6,7,7,7,3,6,5,5,5,6,5,3,2,5,4,5,3,2,3,3,5,84,84,47,70,37,2,5,7,5,7,7,7,7,6,6,5,6,6,7,7,5,7,5,5,4,5,7,6,7,6,7,5,5,5,5,6,6,7,7,5,4,18,19,23,24,26,28,25,26,20,4,5,5,6,4,5,4.83333333333333
67,39,Aesthetic,2,ENISE (Saint-Etienne),2021-05-31 18:20:46,2021-06-11 16:46:29,Homme,20,Initié(e) : J'ai déjà utilisé la réalité virtuelle plusieurs fois,Régulièrement,5,6,7,6,6,7,7,7,3,6,5,5,5,6,5,3,2,5,4,5,3,2,3,3,5,84,84,47,70,37,5,4,4,1,4,4,2,3,3,4,3,3,6,5,5,6,4,4,4,5,5,4,3,6,6,1,3,4,5,2,3,3,3,6,4,3,17,17,14,14,15,18,20,12,13,4,2,3,4,2,2,2.83333333333333
68,39,Narrative,3,ENISE (Saint-Etienne),2021-05-31 18:20:46,2021-06-11 17:11:50,Homme,20,Initié(e) : J'ai déjà utilisé la réalité virtuelle plusieurs fois,Régulièrement,5,6,7,6,6,7,7,7,3,6,5,5,5,6,5,3,2,5,4,5,3,2,3,3,5,84,84,47,70,37,7,6,7,3,7,6,2,5,6,5,6,6,7,7,7,7,6,6,6,7,6,6,6,7,7,7,5,7,6,5,6,6,6,7,5,5,25,25,24,22,26,26,23,23,22,6,6,6,6,5,6,5.83333333333333
69,40,Narrative,1,ENISE (Saint-Etienne),2021-05-31 19:29:51,2021-06-08 11:42:03,Femme,19,Initié(e) : J'ai déjà utilisé la réalité virtuelle plusieurs fois,Occasionnellement,4,3,6,5,6,7,7,5,7,7,4,5,4,4,4,3,5,7,6,6,2,1,3,3,7,64,94,74,54,37,6,6,7,1,7,5,7,5,7,4,4,7,6,6,7,7,7,7,6,6,5,7,7,5,7,2,7,6,7,4,7,7,5,7,6,7,22,23,23,21,27,22,28,20,28,7,4,4,5,7,2,4.83333333333333
70,40,Goals,2,ENISE (Saint-Etienne),2021-05-31 19:29:51,2021-06-08 12:01:59,Femme,19,Initié(e) : J'ai déjà utilisé la réalité virtuelle plusieurs fois,Occasionnellement,4,3,6,5,6,7,7,5,7,7,4,5,4,4,4,3,5,7,6,6,2,1,3,3,7,64,94,74,54,37,7,7,4,4,5,6,6,2,5,5,6,4,7,7,5,6,2,7,6,7,5,7,7,4,7,2,6,6,7,5,7,7,6,7,3,6,24,27,18,25,26,21,26,9,24,4,6,6,6,6,3,5.16666666666667
71,40,Aesthetic,3,ENISE (Saint-Etienne),2021-05-31 19:29:51,2021-06-08 12:25:57,Femme,19,Initié(e) : J'ai déjà utilisé la réalité virtuelle plusieurs fois,Occasionnellement,4,3,6,5,6,7,7,5,7,7,4,5,4,4,4,3,5,7,6,6,2,1,3,3,7,64,94,74,54,37,7,6,7,4,7,7,7,2,7,7,7,7,7,6,7,7,3,7,7,7,7,6,7,5,6,3,7,7,7,6,6,6,7,7,5,7,28,27,27,23,26,26,27,13,28,6,7,5,6,7,7,6.33333333333333
72,41,Narrative,1,ENISE (Saint-Etienne),2021-05-31 20:38:21,2021-06-02 18:10:13,Homme,19,Confirmé(e) : J'utilise la réalité virtuelle de manière régulière,Tous les jours,5,5,6,7,7,5,6,5,5,7,3,5,7,7,6,4,3,6,5,6,7,5,7,7,7,84,77,64,77,94,2,7,6,5,7,7,7,6,7,6,6,7,6,7,7,7,7,7,6,7,2,6,7,3,7,2,7,7,7,5,6,7,6,7,7,7,21,27,20,23,28,23,28,22,28,6,5,5,4,6,6,5.33333333333333
73,41,Goals,2,ENISE (Saint-Etienne),2021-05-31 20:38:21,2021-06-02 18:14:56,Homme,19,Confirmé(e) : J'utilise la réalité virtuelle de manière régulière,Tous les jours,5,5,6,7,7,5,6,5,5,7,3,5,7,7,6,4,3,6,5,6,7,5,7,7,7,84,77,64,77,94,7,6,7,6,7,5,7,7,6,7,6,7,3,5,6,7,6,6,7,7,7,7,7,6,7,3,6,7,6,7,5,7,7,7,6,6,28,25,28,21,26,24,28,22,24,7,7,5,4,5,1,4.83333333333333
74,41,Aesthetic,3,ENISE (Saint-Etienne),2021-05-31 20:38:21,2021-06-02 18:45:34,Homme,19,Confirmé(e) : J'utilise la réalité virtuelle de manière régulière,Tous les jours,5,5,6,7,7,5,6,5,5,7,3,5,7,7,6,4,3,6,5,6,7,5,7,7,7,84,77,64,77,94,6,6,1,1,7,5,7,7,7,7,6,2,2,6,6,7,7,7,7,6,1,5,6,3,7,3,7,7,7,2,2,7,7,7,7,6,27,25,6,10,26,21,28,24,27,7,6,7,6,4,3,5.5
75,43,Narrative,1,INSA Lyon,2021-06-01 11:13:01,2021-06-07 16:19:13,Homme,20,Initié(e) : J'ai déjà utilisé la réalité virtuelle plusieurs fois,Occasionnellement,4,4,5,4,2,6,6,7,2,5,5,4,6,4,5,5,3,5,5,4,5,3,5,6,6,47,70,57,64,67,5,6,7,5,7,6,6,5,6,6,7,5,6,6,5,6,5,6,7,6,4,5,7,5,6,3,6,7,6,7,4,6,7,6,5,4,25,25,23,20,26,23,24,18,22,6,6,3,5,3,6,4.83333333333333
76,43,Aesthetic,2,INSA Lyon,2021-06-01 11:13:01,2021-06-07 16:48:28,Homme,20,Initié(e) : J'ai déjà utilisé la réalité virtuelle plusieurs fois,Occasionnellement,4,4,5,4,2,6,6,7,2,5,5,4,6,4,5,5,3,5,5,4,5,3,5,6,6,47,70,57,64,67,6,6,4,3,7,6,6,5,5,5,7,4,6,7,7,7,5,7,6,7,5,7,7,5,7,4,5,5,6,4,4,7,6,7,5,4,22,26,17,20,28,24,27,19,21,6,4,4,6,5,4,4.83333333333333
77,43,Goals,3,INSA Lyon,2021-06-01 11:13:01,2021-06-07 17:12:56,Homme,20,Initié(e) : J'ai déjà utilisé la réalité virtuelle plusieurs fois,Occasionnellement,4,4,5,4,2,6,6,7,2,5,5,4,6,4,5,5,3,5,5,4,5,3,5,6,6,47,70,57,64,67,6,7,7,5,7,6,7,4,7,6,6,5,5,5,5,7,4,7,6,6,7,6,7,5,7,4,6,6,6,7,5,7,5,7,3,5,24,25,26,21,26,21,28,15,25,6,6,4,6,5,4,5.16666666666667
78,44,Goals,1,INSA Lyon,2021-06-01 14:46:24,2021-06-08 14:35:24,Femme,20,Débutant(e) : Je n'ai jamais (ou très peu) utilisé la réalité virtuelle,Régulièrement,6,5,6,6,7,6,7,6,7,7,7,7,7,7,7,4,3,4,5,4,6,5,7,7,7,84,94,50,100,90,6,6,3,3,6,4,6,5,6,6,5,4,4,5,4,6,4,5,6,6,5,4,6,4,6,3,5,6,5,4,4,6,5,6,5,4,24,22,16,15,23,17,24,17,20,5,5,5,4,5,4,4.66666666666667
79,44,Aesthetic,2,INSA Lyon,2021-06-01 14:46:24,2021-06-08 15:08:38,Femme,20,Débutant(e) : Je n'ai jamais (ou très peu) utilisé la réalité virtuelle,Régulièrement,6,5,6,6,7,6,7,6,7,7,7,7,7,7,7,4,3,4,5,4,6,5,7,7,7,84,94,50,100,90,4,3,1,1,6,5,6,6,4,4,2,1,3,6,5,6,6,4,4,4,1,2,7,4,6,4,4,4,3,2,4,6,4,6,5,4,16,12,5,10,25,18,24,21,16,6,6,5,5,5,4,5.16666666666667
80,44,Narrative,3,INSA Lyon,2021-06-01 14:46:24,2021-06-08 15:30:40,Femme,20,Débutant(e) : Je n'ai jamais (ou très peu) utilisé la réalité virtuelle,Régulièrement,6,5,6,6,7,6,7,6,7,7,7,7,7,7,7,4,3,4,5,4,6,5,7,7,7,84,94,50,100,90,7,6,6,5,7,5,6,6,5,7,5,6,4,6,5,6,6,4,7,5,6,6,7,4,6,6,5,6,6,7,5,6,5,6,6,3,27,22,25,20,26,19,24,24,17,7,7,5,6,6,6,6.16666666666667
81,46,Aesthetic,1,INSA Lyon,2021-06-04 14:14:30,2021-06-07 14:48:45,Homme,21,Débutant(e) : Je n'ai jamais (ou très peu) utilisé la réalité virtuelle,Régulièrement,5,5,6,7,6,7,6,7,7,4,6,6,5,5,7,6,2,5,6,4,7,4,4,1,5,80,87,60,80,54,6,4,3,5,3,7,7,7,7,6,5,3,2,4,7,7,7,6,5,3,2,3,6,7,7,7,7,5,5,2,4,2,7,7,7,7,22,17,10,14,15,28,28,28,27,7,7,7,5,7,5,6.33333333333333
82,46,Goals,2,INSA Lyon,2021-06-04 14:14:30,2021-06-07 15:14:16,Homme,21,Débutant(e) : Je n'ai jamais (ou très peu) utilisé la réalité virtuelle,Régulièrement,5,5,6,7,6,7,6,7,7,4,6,6,5,5,7,6,2,5,6,4,7,4,4,1,5,80,87,60,80,54,6,7,5,6,7,7,6,7,7,6,3,6,5,6,7,7,7,7,3,4,7,7,7,7,7,6,7,5,4,7,7,7,7,7,7,7,20,18,25,25,27,28,27,27,28,7,7,6,6,7,6,6.5
83,46,Narrative,3,INSA Lyon,2021-06-04 14:14:30,2021-06-07 15:34:11,Homme,21,Débutant(e) : Je n'ai jamais (ou très peu) utilisé la réalité virtuelle,Régulièrement,5,5,6,7,6,7,6,7,7,4,6,6,5,5,7,6,2,5,6,4,7,4,4,1,5,80,87,60,80,54,7,7,7,5,7,7,7,5,7,7,5,5,4,7,7,7,5,5,7,6,5,7,7,7,7,4,5,7,5,7,7,7,7,7,6,7,28,23,24,23,28,28,28,20,24,7,7,6,7,5,7,6.5
84,47,Narrative,1,INSA Lyon,2021-06-06 11:55:41,2021-06-10 12:56:12,Homme,21,Initié(e) : J'ai déjà utilisé la réalité virtuelle plusieurs fois,Tous les jours,1,1,2,1,2,5,6,5,7,5,7,7,6,7,5,4,5,5,4,4,5,4,6,5,7,7,77,57,90,74,2,6,7,6,7,7,6,4,7,7,6,6,6,7,7,7,4,7,7,7,6,7,7,7,6,4,6,7,6,6,6,7,6,6,4,5,23,25,25,25,28,27,25,16,25,6,6,6,6,6,6,6.0
85,47,Aesthetic,2,INSA Lyon,2021-06-06 11:55:41,2021-06-10 13:21:01,Homme,21,Initié(e) : J'ai déjà utilisé la réalité virtuelle plusieurs fois,Tous les jours,1,1,2,1,2,5,6,5,7,5,7,7,6,7,5,4,5,5,4,4,5,4,6,5,7,7,77,57,90,74,4,5,5,5,7,6,5,4,7,6,5,6,6,7,6,6,4,6,5,6,3,5,7,6,7,4,7,6,6,2,6,7,5,7,4,6,21,22,16,22,28,23,25,16,26,7,7,6,6,4,3,5.5
86,47,Goals,3,INSA Lyon,2021-06-06 11:55:41,2021-06-10 13:42:01,Homme,21,Initié(e) : J'ai déjà utilisé la réalité virtuelle plusieurs fois,Tous les jours,1,1,2,1,2,5,6,5,7,5,7,7,6,7,5,4,5,5,4,4,5,4,6,5,7,7,77,57,90,74,6,5,7,6,7,6,5,5,6,6,4,7,4,4,5,6,5,7,6,3,7,6,6,6,6,2,6,7,5,5,6,6,6,5,4,5,25,17,26,22,23,23,22,16,24,6,6,6,5,7,1,5.16666666666667
90,51,Narrative,1,INSA Lyon,2021-06-06 23:28:51,2021-06-08 10:46:20,Homme,21,Débutant(e) : Je n'ai jamais (ou très peu) utilisé la réalité virtuelle,Occasionnellement,4,6,6,5,2,4,5,3,2,4,5,5,7,6,6,1,5,3,3,3,5,4,4,3,4,60,44,34,80,50,4,3,2,3,5,2,7,6,6,4,3,3,4,6,5,6,5,5,2,5,2,5,6,4,6,3,5,2,6,3,2,5,4,7,6,4,12,17,10,14,22,15,26,20,20,6,5,4,4,5,4,4.66666666666667
91,51,Goals,2,INSA Lyon,2021-06-06 23:28:51,2021-06-08 11:07:59,Homme,21,Débutant(e) : Je n'ai jamais (ou très peu) utilisé la réalité virtuelle,Occasionnellement,4,6,6,5,2,4,5,3,2,4,5,5,7,6,6,1,5,3,3,3,5,4,4,3,4,60,44,34,80,50,5,3,7,5,6,3,7,4,5,4,5,6,5,5,4,7,5,6,6,5,7,6,6,2,6,4,5,6,4,7,5,6,3,6,5,4,21,17,27,21,23,12,26,18,20,5,5,4,4,5,3,4.33333333333333
92,51,Aesthetic,3,INSA Lyon,2021-06-06 23:28:51,2021-06-08 11:26:12,Homme,21,Débutant(e) : Je n'ai jamais (ou très peu) utilisé la réalité virtuelle,Occasionnellement,4,6,6,5,2,4,5,3,2,4,5,5,7,6,6,1,5,3,3,3,5,4,4,3,4,60,44,34,80,50,3,3,1,1,7,4,6,6,7,4,5,4,4,6,6,6,7,7,4,5,2,4,6,5,7,4,6,6,6,1,2,6,3,7,6,4,17,19,8,11,25,18,26,23,24,7,7,5,4,7,3,5.5
93,52,Narrative,1,INSA Lyon,2021-06-07 08:36:18,2021-06-11 10:51:01,Femme,23,Débutant(e) : Je n'ai jamais (ou très peu) utilisé la réalité virtuelle,Occasionnellement,6,6,6,6,3,5,6,6,6,5,4,3,4,5,3,2,4,4,4,3,4,2,6,5,4,74,77,40,47,54,3,3,4,6,6,6,6,2,7,4,4,6,3,6,6,6,2,5,6,4,7,5,7,4,6,2,7,3,3,5,6,6,5,7,2,6,16,14,22,20,25,21,25,8,25,6,6,6,5,7,4,5.66666666666667
94,52,Goals,2,INSA Lyon,2021-06-07 08:36:18,2021-06-11 11:16:11,Femme,23,Débutant(e) : Je n'ai jamais (ou très peu) utilisé la réalité virtuelle,Occasionnellement,6,6,6,6,3,5,6,6,6,5,4,3,4,5,3,2,4,4,4,3,4,2,6,5,4,74,77,40,47,54,5,3,7,6,6,5,7,2,6,3,6,6,5,6,6,7,2,6,6,5,6,6,7,6,7,2,6,4,3,7,7,7,5,7,2,6,18,17,26,24,26,22,28,8,24,6,6,6,6,6,7,6.16666666666667
95,52,Aesthetic,3,INSA Lyon,2021-06-07 08:36:18,2021-06-11 11:37:35,Femme,23,Débutant(e) : Je n'ai jamais (ou très peu) utilisé la réalité virtuelle,Occasionnellement,6,6,6,6,3,5,6,6,6,5,4,3,4,5,3,2,4,4,4,3,4,2,6,5,4,74,77,40,47,54,4,5,4,2,5,5,7,2,5,3,5,2,4,3,7,7,2,5,5,5,7,6,6,5,7,2,5,4,4,3,4,6,5,7,2,5,16,19,16,16,20,22,28,8,20,7,6,6,5,4,4,5.33333333333333
96,53,Goals,1,INSA Lyon,2021-06-07 12:12:44,2021-06-09 14:34:53,Homme,21,Débutant(e) : Je n'ai jamais (ou très peu) utilisé la réalité virtuelle,Jamais,7,7,7,7,4,7,4,6,4,2,6,7,7,6,6,6,5,7,5,6,1,1,4,7,5,90,60,80,90,44,7,4,2,4,3,1,7,7,7,7,7,4,4,7,2,7,7,7,7,3,7,7,7,3,7,2,7,7,3,6,6,7,3,7,7,7,28,17,19,21,24,9,28,23,28,7,7,7,5,7,6,6.5
97,53,Aesthetic,2,INSA Lyon,2021-06-07 12:12:44,2021-06-09 15:09:38,Homme,21,Débutant(e) : Je n'ai jamais (ou très peu) utilisé la réalité virtuelle,Jamais,7,7,7,7,4,7,4,6,4,2,6,7,7,6,6,6,5,7,5,6,1,1,4,7,5,90,60,80,90,44,7,6,1,1,7,6,7,7,7,7,1,1,4,7,4,7,7,7,7,4,1,1,7,3,7,7,7,7,3,1,5,7,3,7,7,7,28,14,4,11,28,16,28,28,28,7,7,7,1,7,1,5.0
98,53,Narrative,3,INSA Lyon,2021-06-07 12:12:44,2021-06-09 15:29:19,Homme,21,Débutant(e) : Je n'ai jamais (ou très peu) utilisé la réalité virtuelle,Jamais,7,7,7,7,4,7,4,6,4,2,6,7,7,6,6,6,5,7,5,6,1,1,4,7,5,90,60,80,90,44,6,4,6,4,7,6,7,7,7,6,6,7,5,7,6,7,7,7,6,6,5,6,7,6,7,7,7,6,6,5,6,7,6,7,7,7,24,22,23,21,28,24,28,28,28,7,7,7,4,7,7,6.5
99,55,Aesthetic,1,ENISE (Saint-Etienne),2021-06-09 08:47:37,2021-06-10 11:50:10,Femme,22,Débutant(e) : Je n'ai jamais (ou très peu) utilisé la réalité virtuelle,Jamais,5,5,2,2,5,7,5,5,6,5,6,5,6,6,4,5,3,6,7,4,3,5,6,7,7,47,77,67,74,77,4,5,5,4,7,7,7,4,7,7,6,6,5,6,6,7,5,7,6,5,6,5,7,5,7,5,6,6,6,4,4,6,6,7,4,5,23,22,21,18,26,24,28,18,25,6,6,6,6,7,4,5.83333333333333
100,55,Goals,2,ENISE (Saint-Etienne),2021-06-09 08:47:37,2021-06-10 12:35:07,Femme,22,Débutant(e) : Je n'ai jamais (ou très peu) utilisé la réalité virtuelle,Jamais,5,5,2,2,5,7,5,5,6,5,6,5,6,6,4,5,3,6,7,4,3,5,6,7,7,47,77,67,74,77,5,5,6,7,7,6,7,5,7,6,6,7,6,7,6,7,5,7,7,7,7,6,7,6,7,6,7,6,7,7,6,7,6,7,5,6,24,25,27,25,28,24,28,21,27,6,6,6,5,7,5,5.83333333333333
101,55,Narrative,3,ENISE (Saint-Etienne),2021-06-09 08:47:37,2021-06-10 12:49:50,Femme,22,Débutant(e) : Je n'ai jamais (ou très peu) utilisé la réalité virtuelle,Jamais,5,5,2,2,5,7,5,5,6,5,6,5,6,6,4,5,3,6,7,4,3,5,6,7,7,47,77,67,74,77,5,7,5,4,7,7,7,5,7,6,6,6,6,7,5,7,5,7,7,6,7,6,7,6,7,5,6,6,6,5,5,7,6,7,5,6,24,25,23,21,28,24,28,20,26,6,7,6,6,7,7,6.5
102,56,Aesthetic,1,ENISE (Saint-Etienne),2021-06-09 15:49:05,2021-06-10 15:49:05,Homme,19,Débutant(e) : Je n'ai jamais (ou très peu) utilisé la réalité virtuelle,Régulièrement,7,4,6,7,7,6,7,7,7,7,7,7,6,5,5,7,6,7,6,6,5,2,6,7,7,87,97,90,84,74,6,7,6,5,7,6,2,1,7,7,7,6,6,7,6,7,2,6,6,7,7,6,7,6,7,1,6,6,5,4,6,7,6,7,2,6,25,26,23,23,28,24,23,6,25,7,7,5,5,4,1,4.83333333333333
103,56,Narrative,2,ENISE (Saint-Etienne),2021-06-09 15:49:05,2021-06-10 16:10:32,Homme,19,Débutant(e) : Je n'ai jamais (ou très peu) utilisé la réalité virtuelle,Régulièrement,7,4,6,7,7,6,7,7,7,7,7,7,6,5,5,7,6,7,6,6,5,2,6,7,7,87,97,90,84,74,7,7,7,7,7,6,7,1,7,7,6,7,6,7,6,7,1,6,7,7,7,7,7,6,7,1,7,7,7,7,6,7,7,7,1,7,28,27,28,26,28,25,28,4,27,7,7,6,6,5,7,6.33333333333333
104,56,Goals,3,ENISE (Saint-Etienne),2021-06-09 15:49:05,2021-06-10 16:31:49,Homme,19,Débutant(e) : Je n'ai jamais (ou très peu) utilisé la réalité virtuelle,Régulièrement,7,4,6,7,7,6,7,7,7,7,7,7,6,5,5,7,6,7,6,6,5,2,6,7,7,87,97,90,84,74,6,7,7,7,7,6,7,1,7,7,7,7,7,7,6,7,1,6,6,7,7,7,7,6,7,1,7,7,7,7,6,7,6,7,1,7,26,28,28,27,28,24,28,4,27,7,7,7,7,6,7,6.83333333333333
